rosbagTimestamp,layout,dim,data_offset,data
1630056862981132139,,[],0,"[-0.05, -0.09, -0.13, -11.4375, -5.625, 1.3125]"
1630056863029761817,,[],0,"[-0.04, -0.05, -0.11, -11.4375, -5.625, 1.3125]"
1630056863079663656,,[],0,"[-0.01, -0.05, -0.09, -11.5, -5.625, 1.3125]"
1630056863133517449,,[],0,"[-0.06, -0.05, -0.14, -11.5, -5.6875, 1.3125]"
1630056863181011702,,[],0,"[-0.02, -0.06, -0.27, -11.5625, -5.6875, 1.3125]"
1630056863229849278,,[],0,"[-0.13, 0.0, -0.19, -11.5625, -5.6875, 1.3125]"
1630056863282878454,,[],0,"[-0.15, -0.06, -0.15, -11.5, -5.625, 1.375]"
1630056863332254087,,[],0,"[-0.07, -0.07, -0.18, -11.5, -5.5625, 1.3125]"
1630056863385481333,,[],0,"[-0.02, 0.0, -0.13, -11.4375, -5.5625, 1.3125]"
1630056863436171803,,[],0,"[-0.01, -0.06, -0.15, -11.4375, -5.5625, 1.25]"
1630056863485347497,,[],0,"[-0.01, -0.04, -0.14, -11.375, -5.5625, 1.25]"
1630056863535987062,,[],0,"[-0.08, -0.05, -0.14, -11.375, -5.5625, 1.25]"
1630056863584729681,,[],0,"[-0.07, -0.01, -0.17, -11.3125, -5.5625, 1.25]"
1630056863637624736,,[],0,"[-0.13, -0.02, -0.17, -11.3125, -5.5625, 1.25]"
1630056863688669976,,[],0,"[0.02, 0.02, -0.17, -11.3125, -5.5, 1.25]"
1630056863738673698,,[],0,"[-0.14, -0.07, -0.23, -11.25, -5.5, 1.25]"
1630056863788434140,,[],0,"[-0.06, -0.01, -0.22, -11.0625, -5.375, 1.25]"
1630056863839851446,,[],0,"[-0.21, -0.04, 0.08, -10.9375, -5.125, 1.1875]"
1630056863889670481,,[],0,"[0.05, -0.01, 0.0, -11.0625, -5.125, 1.125]"
1630056863942358606,,[],0,"[-0.05, -0.04, -0.31, -11.3125, -5.375, 1.125]"
1630056863993274169,,[],0,"[-0.08, -0.06, -0.31, -11.375, -5.5, 1.125]"
1630056864043393591,,[],0,"[0.04, -0.03, -0.06, -11.3125, -5.4375, 1.125]"
1630056864093241295,,[],0,"[-0.05, -0.02, -0.03, -11.4375, -5.625, 1.1875]"
1630056864143530193,,[],0,"[-0.07, -0.08, -0.26, -11.5625, -5.6875, 1.1875]"
1630056864197383159,,[],0,"[-0.09, -0.06, -0.18, -11.5, -5.625, 1.3125]"
1630056864247549895,,[],0,"[-0.06, -0.04, -0.15, -11.4375, -5.5625, 1.375]"
1630056864299097492,,[],0,"[-0.08, -0.08, -0.07, -11.4375, -5.625, 1.375]"
1630056864350582744,,[],0,"[-0.11, -0.04, -0.09, -11.4375, -5.5625, 1.4375]"
1630056864399986695,,[],0,"[0.0, -0.06, -0.14, -11.4375, -5.5625, 1.4375]"
1630056864450684226,,[],0,"[-0.14, 0.03, -0.22, -11.5, -5.6875, 1.4375]"
1630056864498865436,,[],0,"[-0.08, 0.0, -0.15, -11.4375, -5.6875, 1.4375]"
1630056864547727694,,[],0,"[-0.2, -0.09, 0.1, -11.4375, -5.625, 1.4375]"
1630056864598572306,,[],0,"[0.1, -0.01, -0.22, -11.6875, -5.75, 1.375]"
1630056864648842377,,[],0,"[-0.07, -0.11, -0.37, -11.8125, -5.8125, 1.3125]"
1630056864701165375,,[],0,"[0.08, 0.04, -0.21, -11.75, -5.75, 1.375]"
1630056864746769992,,[],0,"[-0.06, -0.07, -0.05, -11.6875, -5.8125, 1.375]"
1630056864796949779,,[],0,"[-0.12, -0.03, 0.0, -11.75, -5.875, 1.4375]"
1630056864847948313,,[],0,"[-0.07, -0.09, -0.24, -11.8125, -5.875, 1.5]"
1630056864897110872,,[],0,"[-0.05, -0.07, -0.26, -11.8125, -5.8125, 1.5625]"
1630056864948200115,,[],0,"[-0.12, -0.07, -0.01, -11.75, -5.75, 1.625]"
1630056865000349938,,[],0,"[0.06, -0.05, -0.17, -11.875, -5.8125, 1.625]"
1630056865050571101,,[],0,"[-0.11, -0.05, -0.25, -11.875, -5.875, 1.625]"
1630056865099763536,,[],0,"[0.01, -0.05, -0.21, -11.8125, -5.8125, 1.6875]"
1630056865148730104,,[],0,"[-0.12, -0.03, 0.0, -11.75, -5.8125, 1.6875]"
1630056865213046647,,[],0,"[-0.11, 0.0, -0.1, -11.8125, -5.875, 1.75]"
1630056865248652646,,[],0,"[-0.12, -0.06, -0.26, -11.8125, -5.875, 1.6875]"
1630056865307122099,,[],0,"[0.0, 0.0, -0.16, -11.8125, -5.8125, 1.6875]"
1630056865351162830,,[],0,"[-0.12, -0.05, -0.17, -11.8125, -5.875, 1.6875]"
1630056865401175937,,[],0,"[-0.01, -0.06, -0.11, -11.8125, -5.875, 1.625]"
1630056865458881305,,[],0,"[-0.05, -0.09, -0.16, -11.8125, -5.8125, 1.5625]"
1630056865521092600,,[],0,"[-0.04, -0.14, -0.18, -11.75, -5.8125, 1.625]"
1630056865580264604,,[],0,"[0.01, 0.0, -0.07, -11.75, -5.8125, 1.5625]"
1630056865629930802,,[],0,"[-0.07, -0.07, -0.12, -11.6875, -5.8125, 1.625]"
1630056865678402981,,[],0,"[-0.01, 0.0, -0.14, -11.75, -5.8125, 1.625]"
1630056865726961557,,[],0,"[-0.07, -0.07, -0.1, -11.75, -5.8125, 1.6875]"
1630056865775225004,,[],0,"[-0.04, -0.06, -0.16, -11.75, -5.8125, 1.6875]"
1630056865827944868,,[],0,"[-0.05, 0.0, -0.1, -11.75, -5.8125, 1.6875]"
1630056865875052990,,[],0,"[-0.14, -0.04, -0.12, -11.8125, -5.875, 1.6875]"
1630056865921343660,,[],0,"[-0.01, -0.02, -0.19, -11.875, -5.875, 1.625]"
1630056865970886289,,[],0,"[0.0, -0.04, -0.2, -11.875, -5.875, 1.625]"
1630056866020388059,,[],0,"[0.01, -0.09, -0.06, -11.875, -5.9375, 1.625]"
1630056866068618192,,[],0,"[-0.09, -0.11, -0.08, -11.875, -5.9375, 1.6875]"
1630056866117738073,,[],0,"[-0.02, -0.05, -0.14, -11.875, -5.9375, 1.75]"
1630056866166322393,,[],0,"[-0.06, -0.03, -0.19, -11.875, -5.9375, 1.8125]"
1630056866215520454,,[],0,"[-0.11, -0.03, -0.14, -11.9375, -5.9375, 1.8125]"
1630056866264395428,,[],0,"[-0.19, -0.09, -0.08, -11.9375, -5.875, 1.875]"
1630056866315817739,,[],0,"[-0.09, -0.04, -0.22, -11.9375, -5.875, 1.875]"
1630056866366104921,,[],0,"[-0.07, 0.0, -0.24, -11.875, -5.875, 1.8125]"
1630056866416179533,,[],0,"[-0.03, -0.05, -0.07, -11.875, -5.8125, 1.75]"
1630056866464179691,,[],0,"[-0.01, -0.06, -0.14, -11.9375, -5.875, 1.6875]"
1630056866517603576,,[],0,"[0.0, -0.09, -0.21, -11.875, -5.875, 1.6875]"
1630056866569522627,,[],0,"[0.02, -0.04, -0.09, -11.875, -5.8125, 1.6875]"
1630056866619547332,,[],0,"[-0.07, -0.09, -0.18, -11.875, -5.875, 1.75]"
1630056866674148210,,[],0,"[-0.09, -0.04, -0.09, -11.875, -5.9375, 1.8125]"
1630056866723436445,,[],0,"[-0.1, -0.04, -0.04, -11.875, -5.8125, 1.8125]"
1630056866773884875,,[],0,"[-0.04, -0.04, -0.24, -11.9375, -5.8125, 1.8125]"
1630056866825172802,,[],0,"[-0.05, -0.02, -0.31, -11.875, -5.8125, 1.8125]"
1630056866873782187,,[],0,"[-0.1, -0.02, -0.11, -11.6875, -5.6875, 1.8125]"
1630056866926490827,,[],0,"[-0.05, -0.05, 0.11, -11.6875, -5.75, 1.75]"
1630056866974719115,,[],0,"[-0.02, -0.04, -0.14, -11.8125, -5.75, 1.6875]"
1630056867028897221,,[],0,"[-0.11, -0.1, -0.31, -11.8125, -5.75, 1.6875]"
1630056867074919312,,[],0,"[0.08, 0.03, -0.2, -11.75, -5.6875, 1.6875]"
1630056867125092770,,[],0,"[-0.15, -0.13, -0.05, -11.625, -5.75, 1.75]"
1630056867173847055,,[],0,"[-0.01, 0.03, 0.02, -11.625, -5.6875, 1.75]"
1630056867221249685,,[],0,"[-0.18, -0.06, -0.11, -11.6875, -5.6875, 1.75]"
1630056867319467484,,[],0,"[0.0, 0.1, -0.22, -11.75, -5.75, 1.6875]"
1630056867358031291,,[],0,"[-0.15, -0.09, -0.19, -11.75, -5.75, 1.6875]"
1630056867615373087,,[],0,"[0.01, -0.04, -0.05, -11.75, -5.875, 1.625]"
1630056867648441831,,[],0,"[-0.08, 0.0, -0.33, -11.625, -5.9375, 1.5]"
1630056867648506980,,[],0,"[-0.07, 0.06, -0.13, -11.5625, -5.8125, 1.375]"
1630056867648524101,,[],0,"[0.05, -0.03, 0.07, -11.4375, -5.625, 1.25]"
1630056867648545553,,[],0,"[-0.06, -0.01, 0.28, -11.4375, -5.4375, 1.1875]"
1630056867648560602,,[],0,"[-0.31, 0.03, 0.22, -11.75, -5.4375, 1.1875]"
1630056867750327084,,[],0,"[0.0, 0.32, -0.23, -12.0625, -5.25, 0.8125]"
1630056867750393317,,[],0,"[-0.3, -0.2, 0.04, -12.0, -4.5625, 0.625]"
1630056867848186861,,[],0,"[0.25, -0.09, -0.2, -11.9375, -3.9375, 0.3125]"
1630056867848248867,,[],0,"[0.01, -0.17, -0.15, -11.875, -3.875, 0.25]"
1630056867928644065,,[],0,"[-0.25, -0.18, -0.05, -11.8125, -4.125, 0.0]"
1630056867928670711,,[],0,"[-0.26, -0.25, 0.0, -11.875, -4.4375, 359.9375]"
1630056867944117861,,[],0,"[0.02, -0.1, -0.21, -12.1875, -4.6875, 0.125]"
1630056867995237872,,[],0,"[-0.22, 0.2, -0.68, -12.5, -4.875, 359.75]"
1630056868045466956,,[],0,"[-0.14, -0.21, -0.6900000000000001, -12.25, -4.8125, 359.5]"
1630056868095821929,,[],0,"[0.03, -0.18, -0.32, -11.625, -4.3125, 359.0]"
1630056868155486305,,[],0,"[-0.2, -0.18, 0.04, -11.0, -3.9375, 358.875]"
1630056868204788298,,[],0,"[0.1, 0.16, 0.14, -10.9375, -3.875, 358.5625]"
1630056868319464064,,[],0,"[-0.03, 0.19, -0.25, -11.125, -4.0625, 358.125]"
1630056868324110871,,[],0,"[-0.01, 0.2, -0.03, -10.9375, -4.1875, 357.875]"
1630056868355545338,,[],0,"[-0.27, 0.08, -0.08, -10.875, -4.125, 357.625]"
1630056868454345176,,[],0,"[0.25, 0.28, 0.09, -10.6875, -4.25, 357.3125]"
1630056868454383943,,[],0,"[0.13, 0.17, -0.2, -10.875, -4.3125, 357.0]"
1630056868586208548,,[],0,"[0.16, 0.12, -0.16, -11.0625, -4.25, 356.6875]"
1630056868595211937,,[],0,"[0.0, -0.03, -0.32, -11.25, -4.3125, 356.4375]"
1630056868599497157,,[],0,"[0.04, -0.08, -0.22, -11.3125, -4.375, 356.1875]"
1630056868718900720,,[],0,"[-0.27, -0.21, -0.06, -11.4375, -4.3125, 356.1875]"
1630056868723783745,,[],0,"[0.05, 0.06, -0.32, -11.625, -4.1875, 356.0]"
1630056868741477066,,[],0,"[0.13, 0.05, -0.24, -11.5625, -4.0, 355.875]"
1630056868855685883,,[],0,"[0.0, 0.0, -0.01, -11.4375, -3.75, 355.6875]"
1630056868862057274,,[],0,"[0.07, -0.04, -0.09, -11.5, -3.625, 355.6875]"
1630056868889518156,,[],0,"[-0.31, -0.21, 0.07, -11.5625, -3.5625, 355.6875]"
1630056868993363043,,[],0,"[-0.18, -0.03, -0.31, -11.8125, -3.5625, 355.5625]"
1630056869001910553,,[],0,"[-0.27, -0.15, -0.05, -11.8125, -3.5625, 355.4375]"
1630056869127798863,,[],0,"[-0.11, -0.14, -0.12, -12.0, -3.5625, 355.375]"
1630056869131915725,,[],0,"[-0.14, 0.17, -0.43, -12.0, -3.5, 355.0]"
1630056869150378745,,[],0,"[-0.06, 0.22, -0.32, -12.125, -3.3125, 354.625]"
1630056869215648158,,[],0,"[-0.16, 0.09, -0.16, -12.0, -3.0625, 353.6875]"
1630056869264362326,,[],0,"[0.23, 0.09, -0.15, -12.0625, -2.8125, 353.125]"
1630056869310705530,,[],0,"[0.12, 0.11, -0.31, -12.0, -2.75, 352.75]"
1630056869360301460,,[],0,"[0.11, 0.13, -0.29, -11.9375, -2.8125, 352.4375]"
1630056869408252879,,[],0,"[-0.04, 0.01, -0.15, -11.8125, -2.8125, 352.0625]"
1630056869456071648,,[],0,"[0.25, 0.28, -0.49, -11.75, -2.75, 351.9375]"
1630056869506162853,,[],0,"[-0.16, -0.04, -0.48, -11.4375, -3.0, 351.6875]"
1630056869551303420,,[],0,"[-0.04, 0.09, -0.43, -11.1875, -2.8125, 351.125]"
1630056869613077351,,[],0,"[-0.18, -0.02, -0.23, -10.875, -2.5, 350.875]"
1630056869649926088,,[],0,"[0.14, 0.14, -0.19, -10.5625, -2.4375, 350.4375]"
1630056869699875192,,[],0,"[-0.2, -0.04, -0.22, -10.3125, -2.4375, 350.125]"
1630056869748983115,,[],0,"[0.1, 0.07, -0.29, -10.1875, -2.625, 349.8125]"
1630056869796276601,,[],0,"[-0.21, 0.12, -0.39, -9.875, -2.9375, 349.6875]"
1630056869845885346,,[],0,"[0.01, 0.09, -0.22, -9.4375, -3.0, 349.4375]"
1630056869897180106,,[],0,"[0.0, -0.06, 0.16, -8.75, -2.75, 349.125]"
1630056869945909605,,[],0,"[0.27, -0.3, 0.35000000000000003, -8.375, -2.625, 348.75]"
1630056869994729177,,[],0,"[0.36, 0.0, 0.28, -8.3125, -2.8125, 348.75]"
1630056870044176294,,[],0,"[0.11, -0.06, 0.03, -8.4375, -3.5625, 348.75]"
1630056870094477616,,[],0,"[-0.11, 0.09, -0.1, -8.0625, -3.875, 348.75]"
1630056870145107529,,[],0,"[-0.15, -0.13, 0.18, -6.8125, -3.75, 348.9375]"
1630056870195055347,,[],0,"[-0.12, -0.5, 0.52, -6.0, -3.3125, 349.1875]"
1630056870246142972,,[],0,"[0.27, -0.1, 0.14, -5.25, -3.3125, 349.8125]"
1630056870298901584,,[],0,"[0.08, -0.31, 0.5700000000000001, -4.5, -3.6875, 350.1875]"
1630056870348551804,,[],0,"[-0.23, 0.16, 0.26, -3.875, -3.75, 351.125]"
1630056870398357692,,[],0,"[-0.37, -0.08, 0.42, -3.5, -4.125, 351.75]"
1630056870447341044,,[],0,"[-0.66, 0.06, 0.49, -3.1875, -3.9375, 352.375]"
1630056870500320201,,[],0,"[-0.03, 0.03, 0.0, -2.875, -3.5, 352.9375]"
1630056870553842989,,[],0,"[-0.1, -0.15, 0.81, -2.0, -3.125, 353.6875]"
1630056870605257496,,[],0,"[-0.34, -0.08, 0.64, -1.875, -3.375, 354.4375]"
1630056870658603038,,[],0,"[-0.84, 0.0, 0.7000000000000001, -2.0, -4.0, 354.9375]"
1630056870710937290,,[],0,"[-0.38, 0.27, -0.34, -2.625, -4.125, 354.8125]"
1630056870760467820,,[],0,"[-0.1, 0.13, -0.15, -2.4375, -4.0, 354.3125]"
1630056870812563528,,[],0,"[0.34, 0.23, -0.43, -2.25, -4.1875, 353.9375]"
1630056870861247614,,[],0,"[0.06, -0.06, -0.4, -2.1875, -4.5, 353.6875]"
1630056870914363354,,[],0,"[0.08, -0.02, -0.73, -2.125, -4.6875, 353.625]"
1630056870963149401,,[],0,"[-0.1, -0.08, -0.43, -1.9375, -4.8125, 353.75]"
1630056871013699331,,[],0,"[-0.1, 0.02, -0.42, -1.8125, -4.8125, 353.8125]"
1630056871063802886,,[],0,"[0.01, -0.18, -0.16, -1.5, -4.6875, 353.9375]"
1630056871115437151,,[],0,"[0.07, -0.21, -0.06, -1.75, -4.5, 354.0]"
1630056871164580665,,[],0,"[0.4, 0.02, -0.61, -2.3125, -4.5625, 354.375]"
1630056871213578135,,[],0,"[0.09, -0.1, -0.64, -2.9375, -4.75, 354.625]"
1630056871266611472,,[],0,"[-0.06, -0.22, -0.67, -3.25, -4.625, 354.8125]"
1630056871315347371,,[],0,"[0.19, -0.33, -0.52, -3.375, -4.375, 354.8125]"
1630056871368617629,,[],0,"[0.03, -0.26, -0.33, -3.4375, -4.1875, 354.8125]"
1630056871416217286,,[],0,"[0.23, -0.14, -0.32, -3.5, -3.9375, 354.8125]"
1630056871464128259,,[],0,"[0.06, -0.12, -0.02, -3.625, -3.75, 355.0]"
1630056871513859235,,[],0,"[-0.01, -0.08, -0.13, -3.75, -3.625, 355.4375]"
1630056871609390524,,[],0,"[-0.16, -0.08, -0.12, -4.1875, -3.5625, 355.75]"
1630056871673251273,,[],0,"[-0.11, 0.07, -0.37, -4.4375, -3.4375, 356.125]"
1630056871795407602,,[],0,"[-0.24, -0.04, -0.33, -4.6875, -3.4375, 356.375]"
1630056871795477313,,[],0,"[-0.13, 0.07, -0.43, -4.6875, -3.1875, 356.625]"
1630056871983922990,,[],0,"[-0.07, -0.01, -0.01, -4.4375, -2.9375, 356.8125]"
1630056871983965932,,[],0,"[-0.39, 0.16, -0.23, -4.4375, -2.4375, 356.875]"
1630056872092868360,,[],0,"[0.16, 0.41000000000000003, -0.16, -4.25, -2.375, 356.875]"
1630056872092936578,,[],0,"[-0.09, 0.0, -0.2, -4.125, -2.75, 356.9375]"
1630056872092957889,,[],0,"[-0.17, 0.39, -0.24, -4.125, -2.875, 356.625]"
1630056872092990488,,[],0,"[-0.29, 0.18, -0.02, -3.625, -2.75, 356.375]"
1630056872093018342,,[],0,"[-0.01, 0.4, 0.35000000000000003, -3.0625, -2.4375, 355.9375]"
1630056872145360631,,[],0,"[-0.28, 0.25, 0.43, -3.0625, -2.5, 355.8125]"
1630056872145403780,,[],0,"[0.06, 0.8, -0.16, -3.0625, -2.875, 355.5625]"
1630056872195308127,,[],0,"[-0.5, 0.52, -0.37, -3.375, -2.8125, 355.25]"
1630056872235682502,,[],0,"[-0.02, 0.73, -0.31, -3.4375, -2.5, 354.75]"
1630056872298973144,,[],0,"[-0.06, 0.8200000000000001, -0.71, -3.3125, -2.75, 354.375]"
1630056872333292908,,[],0,"[-0.18, 0.46, -0.19, -3.3125, -3.0625, 353.6875]"
1630056872383911732,,[],0,"[-0.07, 0.81, -0.45, -3.5625, -2.875, 353.0625]"
1630056872434910123,,[],0,"[0.33, 0.6900000000000001, -0.33, -3.8125, -2.8125, 352.5625]"
1630056872485681397,,[],0,"[0.46, 0.8, -0.12, -4.3125, -2.6875, 351.75]"
1630056872531148709,,[],0,"[0.16, 0.41000000000000003, 0.1, -4.6875, -2.75, 351.5]"
1630056872586121556,,[],0,"[-0.25, 0.18, 0.24, -4.5625, -3.0625, 350.8125]"
1630056872631187202,,[],0,"[-0.11, -0.49, 0.38, -4.3125, -3.3125, 350.25]"
1630056872679952793,,[],0,"[-0.72, -0.49, 0.2, -3.875, -3.4375, 350.0625]"
1630056872729913351,,[],0,"[0.21, 0.23, -0.1, -4.5625, -3.1875, 349.3125]"
1630056872780725781,,[],0,"[-0.35000000000000003, 0.12, -0.91, -5.1875, -2.75, 348.75]"
1630056872831154061,,[],0,"[-0.2, -0.11, -0.29, -3.875, -2.375, 347.3125]"
1630056872881217663,,[],0,"[-0.34, -0.49, 0.68, -2.9375, -1.6875, 347.0]"
1630056872931171010,,[],0,"[0.21, 0.32, 0.03, -2.875, -2.375, 347.125]"
1630056872985531031,,[],0,"[-0.42, 0.43, -0.55, -3.3125, -2.75, 347.25]"
1630056873031160276,,[],0,"[-0.52, 0.44, -0.8200000000000001, -3.4375, -1.875, 347.25]"
1630056873085963544,,[],0,"[-0.24, 0.72, -0.1, -2.9375, -0.5625, 347.25]"
1630056873138580941,,[],0,"[-0.46, 0.45, 0.0, -3.1875, -0.1875, 347.4375]"
1630056873188851375,,[],0,"[-0.68, 0.37, -0.02, -3.9375, -0.4375, 347.875]"
1630056873238639098,,[],0,"[-0.14, 0.25, 0.2, -4.5, -0.5625, 348.3125]"
1630056873290669840,,[],0,"[-0.62, -0.15, 0.25, -4.1875, -0.9375, 348.75]"
1630056873339563504,,[],0,"[0.36, -0.48, 0.72, -4.0625, -1.25, 348.8125]"
1630056873393715028,,[],0,"[-0.04, -0.56, -0.3, -5.1875, -1.5, 349.5625]"
1630056873439869971,,[],0,"[0.6900000000000001, 0.11, -0.99, -5.8125, -1.75, 348.9375]"
1630056873489870733,,[],0,"[0.4, -0.41000000000000003, -0.55, -4.9375, -1.375, 348.0]"
1630056873539586175,,[],0,"[1.09, -0.16, -0.04, -4.5, -0.875, 347.875]"
1630056873590563954,,[],0,"[0.16, -0.19, -0.31, -4.8125, -1.6875, 348.125]"
1630056873642528588,,[],0,"[0.19, 0.0, -0.53, -5.1875, -2.6875, 347.625]"
1630056873693027808,,[],0,"[0.47000000000000003, 0.23, -0.49, -5.125, -2.1875, 347.375]"
1630056873743022482,,[],0,"[0.5700000000000001, -0.05, 0.33, -4.75, -1.8125, 347.25]"
1630056873793780448,,[],0,"[0.32, -0.44, 0.75, -5.1875, -2.375, 346.9375]"
1630056873843370496,,[],0,"[0.5700000000000001, 0.0, 0.18, -6.0625, -3.4375, 346.9375]"
1630056873897158608,,[],0,"[-0.04, -0.29, 0.39, -6.625, -4.4375, 347.1875]"
1630056873946830279,,[],0,"[-0.07, -0.27, 0.01, -7.0625, -4.8125, 347.75]"
1630056873995862187,,[],0,"[-0.2, -0.71, -0.28, -7.5, -4.9375, 348.25]"
1630056874045348850,,[],0,"[0.21, -0.48, -0.54, -6.9375, -5.0, 348.375]"
1630056874094733448,,[],0,"[0.47000000000000003, -0.42, -0.25, -5.9375, -4.75, 349.0]"
1630056874143760389,,[],0,"[0.4, 0.12, -0.68, -5.8125, -4.6875, 350.9375]"
1630056874194124822,,[],0,"[0.12, 0.13, -0.61, -6.0, -5.0, 352.75]"
1630056874244756366,,[],0,"[-0.09, 0.05, -0.59, -5.875, -5.25, 354.25]"
1630056874296067240,,[],0,"[0.01, 0.27, -0.14, -5.75, -4.125, 356.0625]"
1630056874345854014,,[],0,"[0.21, 0.1, 0.26, -5.8125, -2.875, 358.625]"
1630056874398893414,,[],0,"[-0.02, -0.61, 0.74, -5.9375, -2.875, 1.125]"
1630056874447235149,,[],0,"[0.32, -0.6, 1.1500000000000001, -5.4375, -3.3125, 3.3125]"
1630056874496288102,,[],0,"[0.75, -0.9400000000000001, 0.93, -5.3125, -3.75, 6.5625]"
1630056874545695014,,[],0,"[1.31, -0.1, -0.67, -6.0, -4.25, 9.6875]"
1630056874595448469,,[],0,"[0.99, -0.68, -0.06, -5.5, -4.6875, 11.6875]"
1630056874647445790,,[],0,"[1.57, -0.78, 0.17, -4.875, -4.125, 13.5]"
1630056874703573929,,[],0,"[1.4000000000000001, -0.44, -0.2, -4.9375, -3.6875, 16.1875]"
1630056874754057583,,[],0,"[1.2, -0.11, -0.44, -5.4375, -4.75, 18.5625]"
1630056874805394271,,[],0,"[0.71, -0.36, -0.05, -5.4375, -5.25, 20.1875]"
1630056874856099812,,[],0,"[1.19, -0.16, 0.09, -5.8125, -4.625, 21.9375]"
1630056874907065214,,[],0,"[0.89, -0.46, 0.35000000000000003, -6.25, -4.4375, 23.875]"
1630056874957226178,,[],0,"[1.42, 0.14, 0.22, -7.0, -4.625, 25.0625]"
1630056875009219267,,[],0,"[1.09, -0.24, 0.55, -7.1875, -4.3125, 27.1875]"
1630056875059981614,,[],0,"[0.8, -0.64, 0.37, -8.0, -4.3125, 29.5625]"
1630056875113351549,,[],0,"[0.49, -0.37, -0.52, -9.125, -4.375, 33.4375]"
1630056875163420827,,[],0,"[-0.28, -1.07, -0.25, -9.375, -4.5, 35.875]"
1630056875215771949,,[],0,"[-0.1, -0.63, -0.49, -9.0, -3.875, 37.875]"
1630056875264206456,,[],0,"[0.17, -0.2, -0.74, -8.5, -2.5, 39.75]"
1630056875317580331,,[],0,"[0.33, 0.15, -0.66, -8.5, -1.6875, 42.0]"
1630056875367756423,,[],0,"[0.12, 0.07, -0.44, -8.125, -1.3125, 44.5]"
1630056875419007981,,[],0,"[-0.53, -0.41000000000000003, 0.09, -8.0, -0.9375, 47.0625]"
1630056875467936367,,[],0,"[-0.36, -0.08, 0.04, -8.375, -0.375, 49.625]"
1630056875523996924,,[],0,"[-0.48, -0.46, 0.2, -9.0625, -0.25, 52.3125]"
1630056875572113218,,[],0,"[-0.17, -0.37, 0.18, -9.625, -0.3125, 55.1875]"
1630056875625291793,,[],0,"[-0.36, -0.71, 0.71, -9.3125, -0.375, 58.125]"
1630056875673377414,,[],0,"[-0.71, -0.92, 0.09, -9.375, -0.125, 59.9375]"
1630056875721003779,,[],0,"[0.1, 0.08, -0.5700000000000001, -9.375, 0.3125, 61.875]"
1630056875771174265,,[],0,"[-0.53, -0.84, 0.0, -9.0, 0.3125, 62.875]"
1630056875818759762,,[],0,"[-0.51, -0.84, 0.08, -8.1875, 0.4375, 63.5625]"
1630056875869385996,,[],0,"[-0.4, -0.38, -0.32, -8.0625, 0.75, 64.1875]"
1630056875917695997,,[],0,"[-0.05, 0.48, -0.86, -8.3125, 0.9375, 64.75]"
1630056875966479755,,[],0,"[-1.02, -0.31, -0.46, -8.5, 0.8125, 64.5625]"
1630056876014863483,,[],0,"[-0.7000000000000001, 0.21, -0.72, -8.625, 1.4375, 63.5]"
1630056876064362161,,[],0,"[-0.64, -0.11, 0.03, -8.1875, 2.375, 62.375]"
1630056876110743603,,[],0,"[-0.65, -0.16, 0.12, -8.6875, 3.1875, 60.5]"
1630056876158809893,,[],0,"[-0.67, -0.22, 0.48, -8.75, 3.1875, 58.5]"
1630056876206709955,,[],0,"[-1.26, -0.86, 0.88, -8.75, 3.3125, 55.5625]"
1630056876253340632,,[],0,"[-0.91, -0.54, 0.55, -8.75, 4.0625, 53.0]"
1630056876300258604,,[],0,"[-1.02, -0.62, 0.52, -8.5625, 4.125, 49.875]"
1630056876355151311,,[],0,"[-0.66, -0.13, -0.35000000000000003, -9.3125, 4.4375, 46.625]"
1630056876404984200,,[],0,"[-1.25, -0.87, 0.0, -8.875, 4.0625, 43.875]"
1630056876454634556,,[],0,"[-0.92, -0.49, -0.05, -8.25, 4.375, 40.75]"
1630056876503660599,,[],0,"[-0.2, 0.31, -0.28, -8.0625, 4.6875, 38.0]"
1630056876554358696,,[],0,"[-0.62, 0.18, -0.75, -8.375, 4.25, 35.75]"
1630056876609132632,,[],0,"[-0.88, 0.06, -0.43, -8.3125, 4.0625, 33.0]"
1630056876650784103,,[],0,"[-0.9, 0.06, -0.34, -8.5, 4.25, 30.5]"
1630056876703744838,,[],0,"[-0.12, 0.47000000000000003, -0.05, -8.8125, 4.4375, 28.0]"
1630056876753568387,,[],0,"[-1.3900000000000001, -0.32, 0.17, -9.625, 4.25, 26.1875]"
1630056876811776470,,[],0,"[-1.09, -0.07, 0.23, -9.875, 4.0, 23.8125]"
1630056876851369383,,[],0,"[-0.81, -0.73, 0.48, -9.375, 4.0625, 21.0]"
1630056876903333026,,[],0,"[0.08, -0.41000000000000003, -0.03, -9.8125, 3.75, 18.4375]"
1630056876956537719,,[],0,"[-0.43, -1.16, -0.1, -9.875, 2.75, 15.5]"
1630056877003824065,,[],0,"[0.14, -0.67, -0.31, -9.375, 2.0, 11.9375]"
1630056877054982687,,[],0,"[0.1, -0.58, -0.48, -9.25, 1.1875, 9.625]"
1630056877104680813,,[],0,"[-0.48, -0.47000000000000003, -0.59, -9.0625, 0.3125, 7.125]"
1630056877207122225,,[],0,"[0.04, -0.03, -0.54, -8.625, -0.0625, 4.4375]"
1630056877232649967,,[],0,"[-0.07, -0.11, -0.33, -8.0, -0.1875, 2.25]"
1630056877253671038,,[],0,"[0.62, 0.37, -0.36, -7.9375, -0.8125, 359.9375]"
1630056877306630364,,[],0,"[-0.26, -0.25, 0.13, -7.9375, -1.4375, 358.0]"
1630056877358238642,,[],0,"[-0.07, -0.01, 0.11, -8.125, -1.4375, 355.6875]"
1630056877409859001,,[],0,"[0.03, 0.13, 0.18, -7.875, -1.375, 353.375]"
1630056877464544566,,[],0,"[-0.37, -0.5700000000000001, 0.5700000000000001, -7.4375, -1.75, 351.1875]"
1630056877498067666,,[],0,"[-0.5, -0.3, 0.5700000000000001, -7.875, -2.25, 349.625]"
1630056877553741092,,[],0,"[0.11, -0.04, -0.43, -8.4375, -2.75, 347.9375]"
1630056877776366229,,[],0,"[-0.43, -0.59, -0.39, -8.1875, -2.8125, 345.8125]"
1630056877808637026,,[],0,"[0.26, -0.13, -0.26, -7.25, -2.3125, 344.125]"
1630056877808737208,,[],0,"[0.58, 0.1, -0.25, -7.0625, -2.1875, 343.5]"
1630056877808785084,,[],0,"[-0.24, 0.1, -0.73, -7.5625, -2.75, 342.625]"
1630056877808804045,,[],0,"[-0.39, 0.37, -0.87, -7.6875, -3.0, 341.625]"
1630056877826392643,,[],0,"[-0.08, 0.51, -0.13, -7.375, -2.3125, 341.1875]"
1630056877885470142,,[],0,"[0.0, 0.15, 0.23, -7.625, -2.0, 341.125]"
1630056877935164581,,[],0,"[-0.16, -0.1, 0.26, -7.6875, -2.5, 341.0]"
1630056877979436090,,[],0,"[-0.23, -0.55, 0.96, -7.0, -2.75, 341.0]"
1630056878031434038,,[],0,"[0.55, -0.49, 1.12, -7.0, -2.8125, 341.6875]"
1630056878088554330,,[],0,"[0.7000000000000001, -0.49, -0.79, -8.1875, -3.6875, 342.125]"
1630056878166369953,,[],0,"[0.36, -0.97, -0.31, -7.375, -4.0, 341.0625]"
1630056878179024103,,[],0,"[0.27, -1.48, 0.55, -6.4375, -3.125, 340.625]"
1630056878233254738,,[],0,"[1.49, -0.32, -0.22, -7.0625, -2.9375, 341.0625]"
1630056878283094933,,[],0,"[0.9400000000000001, -0.48, -0.81, -7.9375, -4.125, 341.1875]"
1630056878333321071,,[],0,"[0.52, -0.43, -0.71, -7.9375, -4.375, 340.875]"
1630056878383436885,,[],0,"[0.39, -0.8200000000000001, -0.01, -7.6875, -3.75, 340.8125]"
1630056878436159499,,[],0,"[0.93, -0.36, -0.07, -7.9375, -3.4375, 340.3125]"
1630056878485960305,,[],0,"[0.58, -0.71, 0.15, -8.0, -3.375, 339.875]"
1630056878535034874,,[],0,"[0.56, -0.4, 0.28, -8.375, -3.0625, 339.75]"
1630056878584097616,,[],0,"[0.75, -0.08, 0.44, -8.0625, -2.625, 340.1875]"
1630056878634132414,,[],0,"[0.43, -0.46, 0.24, -8.25, -2.5, 340.4375]"
1630056878684236718,,[],0,"[0.97, -0.41000000000000003, 0.17, -8.5625, -2.75, 341.0]"
1630056878836751515,,[],0,"[0.49, -1.26, 0.18, -8.6875, -2.875, 346.125]"
1630056878884372128,,[],0,"[0.77, -0.01, -1.02, -8.625, -2.875, 348.375]"
1630056878936169136,,[],0,"[0.8, -0.15, -0.61, -8.8125, -3.25, 350.1875]"
1630056878981161400,,[],0,"[0.45, -0.54, -0.25, -8.6875, -3.375, 352.25]"
1630056879030192629,,[],0,"[0.36, -0.41000000000000003, 0.17, -8.625, -3.0, 354.75]"
1630056879078533013,,[],0,"[0.32, -0.54, 0.43, -8.5, -2.3125, 357.5]"
1630056879128077128,,[],0,"[0.84, -0.29, 0.71, -8.25, -1.875, 0.25]"
1630056879176307517,,[],0,"[0.8200000000000001, -0.4, 0.48, -7.875, -2.0, 3.625]"
1630056879224472330,,[],0,"[0.9, -0.86, 0.88, -7.3125, -2.375, 6.6875]"
1630056879276128569,,[],0,"[1.37, -0.34, -0.66, -8.0625, -2.5625, 9.9375]"
1630056879323106331,,[],0,"[0.39, -1.53, -0.18, -8.1875, -3.125, 14.125]"
1630056879371601794,,[],0,"[0.3, -1.76, 0.12, -7.5, -3.1875, 16.9375]"
1630056879423274280,,[],0,"[0.5700000000000001, -1.68, 0.24, -7.0, -2.5, 20.4375]"
1630056879475921846,,[],0,"[0.7000000000000001, -0.98, -0.61, -7.5625, -2.375, 25.0625]"
1630056879527599921,,[],0,"[0.6900000000000001, -0.73, -0.73, -8.0, -3.0, 28.4375]"
1630056879580179342,,[],0,"[-0.26, -1.27, -0.16, -7.5625, -2.75, 30.9375]"
1630056879630651190,,[],0,"[0.81, -0.46, 0.41000000000000003, -6.875, -1.6875, 32.875]"
1630056879690749511,,[],0,"[0.65, -0.37, 0.35000000000000003, -6.875, -1.25, 35.25]"
1630056879730807426,,[],0,"[0.28, -0.35000000000000003, 0.11, -7.75, -1.4375, 37.25]"
1630056879783979076,,[],0,"[0.16, -0.09, 0.02, -8.1875, -1.25, 39.0]"
1630056879834509634,,[],0,"[-0.08, -0.53, 0.27, -7.875, -0.875, 41.0]"
1630056879884726644,,[],0,"[0.26, -0.44, -0.11, -8.125, -0.625, 42.5]"
1630056879934476542,,[],0,"[0.36, -0.42, -0.2, -8.5, -0.5, 44.625]"
1630056879984212408,,[],0,"[-0.36, -0.89, -0.17, -8.9375, -0.6875, 46.6875]"
1630056880035345145,,[],0,"[-0.6900000000000001, -0.8300000000000001, -0.07, -8.375, -0.8125, 48.625]"
1630056880085348672,,[],0,"[-0.26, -0.24, -0.26, -7.75, -0.5, 50.125]"
1630056880136497615,,[],0,"[0.38, 0.3, -0.33, -7.6875, -0.0625, 51.875]"
1630056880189202722,,[],0,"[0.22, 0.04, -0.41000000000000003, -7.8125, -0.5625, 54.625]"
1630056880240157459,,[],0,"[0.07, 0.15, -0.13, -8.0, -1.0, 56.6875]"
1630056880290908444,,[],0,"[-0.16, -0.25, -0.04, -8.0625, -1.0, 59.25]"
1630056880341491901,,[],0,"[0.27, -0.15, 0.33, -8.3125, -0.875, 61.5]"
1630056880390160096,,[],0,"[0.34, -0.43, 0.46, -8.75, -0.625, 64.375]"
1630056880443931405,,[],0,"[0.24, -0.44, 0.8, -9.5, -0.625, 67.75]"
1630056880492304619,,[],0,"[-0.13, -0.8, 0.48, -10.375, -0.875, 71.3125]"
1630056880546216233,,[],0,"[1.19, -0.24, -0.2, -11.6875, -1.3125, 74.5]"
1630056880591344604,,[],0,"[0.67, -1.43, -0.45, -12.6875, -2.4375, 78.8125]"
1630056880643679801,,[],0,"[-0.02, -1.99, -0.06, -12.5625, -2.8125, 81.6875]"
1630056880693766329,,[],0,"[0.33, -2.02, 0.38, -12.5, -2.0625, 84.8125]"
1630056880743817075,,[],0,"[0.86, -1.75, 0.0, -12.9375, -1.9375, 89.0625]"
1630056880794412709,,[],0,"[0.47000000000000003, -1.6, -0.19, -13.6875, -2.8125, 92.875]"
1630056880843634621,,[],0,"[0.16, -1.52, -0.27, -13.9375, -3.0, 96.4375]"
1630056880896949571,,[],0,"[0.05, -1.51, 0.16, -13.8125, -2.4375, 99.75]"
1630056880948383570,,[],0,"[-0.11, -1.45, 0.25, -13.4375, -1.875, 102.9375]"
1630056880997759602,,[],0,"[0.07, -0.9, 0.25, -13.3125, -1.5625, 105.4375]"
1630056881047001184,,[],0,"[-0.37, -1.67, 1.18, -13.0, -1.3125, 108.5625]"
1630056881097422870,,[],0,"[-0.17, -0.86, 0.3, -13.6875, -1.0, 112.5]"
1630056881145932346,,[],0,"[-0.49, -1.01, -0.26, -14.5625, -0.9375, 116.5]"
1630056881195135359,,[],0,"[-0.42, -0.93, -0.41000000000000003, -15.0, -0.375, 119.875]"
1630056881245159456,,[],0,"[-0.29, -1.62, 0.31, -14.75, 0.0, 124.0625]"
1630056881296766549,,[],0,"[-0.59, -1.56, 0.6, -14.5625, 0.125, 128.125]"
1630056881345879336,,[],0,"[-0.33, -0.71, 0.03, -14.875, 0.0, 132.375]"
1630056881395678320,,[],0,"[-0.34, -0.67, 0.34, -14.75, -0.125, 136.3125]"
1630056881445784065,,[],0,"[-0.54, -1.26, 0.42, -14.8125, -0.0625, 140.9375]"
1630056881497404120,,[],0,"[-0.63, -1.51, 0.29, -14.875, -0.1875, 145.5]"
1630056881542222172,,[],0,"[-0.6900000000000001, -1.68, 0.22, -14.8125, -0.75, 150.25]"
1630056881591115088,,[],0,"[-0.61, -1.3, -0.39, -14.9375, -0.9375, 154.8125]"
1630056881646539716,,[],0,"[-0.18, -1.31, 0.68, -14.75, -1.5, 159.4375]"
1630056881696506234,,[],0,"[-1.0, -1.73, -0.19, -14.625, -2.0, 164.1875]"
1630056881746733398,,[],0,"[-0.47000000000000003, -1.61, 0.0, -14.375, -2.5, 168.375]"
1630056881796704941,,[],0,"[-0.67, -1.06, -0.28, -14.1875, -2.9375, 172.125]"
1630056881843029508,,[],0,"[-0.56, -1.26, 0.4, -13.9375, -3.125, 175.6875]"
1630056881893415949,,[],0,"[-0.35000000000000003, -0.6900000000000001, -0.35000000000000003, -13.8125, -3.0, 178.9375]"
1630056881943990738,,[],0,"[-0.01, -0.67, 0.23, -13.4375, -3.0, 182.0]"
1630056881991135817,,[],0,"[-0.55, -0.75, 0.12, -13.375, -3.1875, 184.8125]"
1630056882063068062,,[],0,"[0.37, -0.03, 0.23, -13.3125, -3.4375, 186.875]"
1630056882159817217,,[],0,"[-0.25, -0.65, 0.38, -13.375, -3.875, 190.4375]"
1630056882187639851,,[],0,"[0.34, -0.04, -0.43, -13.5625, -4.625, 193.3125]"
1630056882213817589,,[],0,"[-0.06, -0.62, 0.02, -13.6875, -5.25, 196.125]"
1630056882374152034,,[],0,"[0.15, -0.47000000000000003, -0.36, -13.6875, -5.5625, 198.125]"
1630056882396223169,,[],0,"[0.39, -0.47000000000000003, -0.09, -13.5625, -5.5625, 200.125]"
1630056882396249898,,[],0,"[0.3, -0.35000000000000003, 0.1, -13.625, -5.625, 201.8125]"
1630056882396271292,,[],0,"[0.44, -0.47000000000000003, 0.4, -13.6875, -5.5625, 203.625]"
1630056882450737289,,[],0,"[0.17, -0.5, 0.02, -13.8125, -5.8125, 205.0625]"
1630056882488382521,,[],0,"[-0.44, -0.48, 0.71, -14.0625, -5.75, 206.875]"
1630056882573333688,,[],0,"[-0.42, -0.76, -0.15, -13.875, -5.6875, 208.8125]"
1630056882597541475,,[],0,"[-0.9500000000000001, -1.25, 0.18, -13.6875, -5.4375, 211.5]"
1630056882677817024,,[],0,"[-0.55, -1.04, 0.01, -12.75, -6.375, 212.9375]"
1630056882700715940,,[],0,"[-0.6900000000000001, -0.9400000000000001, 0.06, -12.25, -7.625, 214.375]"
1630056882744529846,,[],0,"[-0.6900000000000001, -0.55, -0.32, -12.5, -8.0625, 215.8125]"
1630056882786785037,,[],0,"[-0.49, -0.76, 0.11, -12.6875, -8.5625, 217.0625]"
1630056882837471808,,[],0,"[-0.76, -0.84, 0.09, -12.9375, -9.375, 218.3125]"
1630056882887437219,,[],0,"[-0.84, -0.56, 0.19, -12.9375, -9.5625, 219.4375]"
1630056882939571984,,[],0,"[-0.77, -0.58, -0.08, -13.3125, -9.6875, 220.125]"
1630056882987676156,,[],0,"[-0.5700000000000001, -0.49, 0.28, -13.625, -10.375, 220.6875]"
1630056883040015964,,[],0,"[-1.05, -0.01, -0.18, -13.25, -10.6875, 221.6875]"
1630056883090653371,,[],0,"[-1.33, -0.08, -1.33, -13.125, -10.0625, 222.125]"
1630056883143404702,,[],0,"[-0.85, -0.87, -0.2, -12.3125, -9.0625, 222.375]"
1630056883194644401,,[],0,"[-0.3, -0.06, -0.31, -12.125, -9.1875, 221.9375]"
1630056883244462459,,[],0,"[-0.71, -0.29, 0.08, -11.4375, -9.1875, 221.375]"
1630056883297386904,,[],0,"[-0.8200000000000001, -0.89, -0.1, -10.8125, -8.5, 218.6875]"
1630056883347775634,,[],0,"[-1.43, -0.35000000000000003, -0.51, -10.5, -7.8125, 216.125]"
1630056883398369285,,[],0,"[-0.81, -1.55, 1.42, -11.0, -7.25, 212.25]"
1630056883450435263,,[],0,"[-1.07, -1.61, 0.23, -12.1875, -7.6875, 208.9375]"
1630056883497410861,,[],0,"[-0.55, -1.97, 0.28, -13.625, -8.3125, 206.5]"
1630056883548469409,,[],0,"[-0.91, -1.72, -0.3, -15.0, -8.25, 204.875]"
1630056883600790761,,[],0,"[0.16, -0.77, 0.04, -15.4375, -8.4375, 203.0625]"
1630056883652657805,,[],0,"[0.86, -1.62, 0.41000000000000003, -15.4375, -9.0625, 202.0625]"
1630056883700142573,,[],0,"[0.47000000000000003, -0.6900000000000001, -0.2, -15.1875, -9.8125, 201.8125]"
1630056883755499134,,[],0,"[0.87, -1.48, 0.8200000000000001, -14.625, -10.5, 202.6875]"
1630056883801410906,,[],0,"[0.39, 0.08, -0.58, -14.8125, -10.8125, 203.0]"
1630056883853415850,,[],0,"[0.25, -0.98, 0.42, -14.375, -11.4375, 203.875]"
1630056883902293027,,[],0,"[-0.87, -0.6900000000000001, -0.01, -14.5, -11.875, 204.6875]"
1630056883954009071,,[],0,"[-0.84, -0.72, -0.03, -14.0, -12.375, 205.625]"
1630056884002779185,,[],0,"[-0.25, -0.36, -0.31, -13.625, -12.4375, 205.8125]"
1630056884051831497,,[],0,"[-0.23, -0.5700000000000001, -0.11, -13.3125, -12.625, 206.8125]"
1630056884102431602,,[],0,"[-0.33, -0.52, -0.62, -13.0, -13.0625, 207.4375]"
1630056884151188600,,[],0,"[-0.23, -0.5, -0.17, -12.8125, -13.375, 208.4375]"
1630056884202767654,,[],0,"[-0.4, -0.42, -0.6900000000000001, -12.1875, -13.4375, 209.375]"
1630056884253314788,,[],0,"[0.03, -0.31, 0.35000000000000003, -11.875, -13.3125, 210.875]"
1630056884305997354,,[],0,"[-0.62, 0.05, -0.5, -11.3125, -13.5, 212.0]"
1630056884356889445,,[],0,"[-0.22, -0.3, 0.23, -10.9375, -13.0625, 213.625]"
1630056884405473620,,[],0,"[-1.1300000000000001, -0.12, -0.06, -10.75, -12.5, 216.0625]"
1630056884457746703,,[],0,"[-0.47000000000000003, -0.09, -0.1, -11.3125, -12.125, 217.4375]"
1630056884512283640,,[],0,"[-1.69, -1.12, 0.24, -11.375, -11.6875, 219.9375]"
1630056884566943798,,[],0,"[-0.45, -0.67, -0.21, -11.625, -11.5625, 222.0625]"
1630056884612775191,,[],0,"[-0.32, -0.81, -0.18, -10.75, -11.75, 224.25]"
1630056884663931835,,[],0,"[0.04, -1.01, 0.06, -10.375, -12.3125, 226.3125]"
1630056884714096908,,[],0,"[-0.38, -0.51, -0.35000000000000003, -9.75, -12.9375, 228.0]"
1630056884765041038,,[],0,"[-0.24, -0.33, 0.09, -9.4375, -12.5, 229.6875]"
1630056884814056128,,[],0,"[0.19, 0.04, -0.04, -9.125, -11.875, 230.8125]"
1630056884863917966,,[],0,"[0.21, 0.02, -0.11, -9.0, -11.5625, 232.0]"
1630056884915488229,,[],0,"[0.04, -0.08, 0.2, -8.625, -11.625, 232.625]"
1630056884964804145,,[],0,"[0.3, 0.18, -0.46, -8.375, -11.1875, 233.3125]"
1630056885014589867,,[],0,"[0.25, -0.19, 0.4, -7.8125, -10.6875, 234.375]"
1630056885067914100,,[],0,"[-0.24, -0.37, 0.24, -7.75, -11.125, 234.75]"
1630056885114884768,,[],0,"[-0.48, 0.04, -0.03, -7.6875, -10.8125, 234.8125]"
1630056885164723041,,[],0,"[-0.34, -0.24, 0.28, -7.4375, -10.5625, 234.6875]"
1630056885217634267,,[],0,"[-0.35000000000000003, 0.04, -0.27, -7.4375, -10.625, 234.125]"
1630056885266523930,,[],0,"[-0.01, -0.03, 0.17, -7.3125, -10.75, 233.8125]"
1630056885315612650,,[],0,"[-0.12, 0.04, -0.01, -7.375, -11.0, 234.0]"
1630056885365315562,,[],0,"[0.1, 0.16, -0.12, -7.6875, -11.25, 233.5625]"
1630056885415064950,,[],0,"[-0.11, -0.15, 0.24, -7.9375, -11.4375, 233.375]"
1630056885465987071,,[],0,"[-0.14, -0.14, 0.06, -7.8125, -11.375, 233.0625]"
1630056885517822184,,[],0,"[-0.59, -0.44, -0.55, -8.0, -11.5, 233.0625]"
1630056885571318484,,[],0,"[-0.33, -0.46, -0.38, -7.75, -11.6875, 232.625]"
1630056885621801568,,[],0,"[-0.32, -0.52, 0.15, -7.625, -12.25, 232.0625]"
1630056885674539063,,[],0,"[-0.58, -0.76, 0.39, -7.6875, -12.5625, 230.875]"
1630056885724397431,,[],0,"[-0.35000000000000003, -0.42, -0.04, -7.9375, -12.5625, 229.9375]"
1630056885774518453,,[],0,"[-0.07, -0.08, -0.11, -8.0625, -12.375, 228.6875]"
1630056885825557057,,[],0,"[-0.23, -0.32, -0.34, -8.25, -12.5625, 227.625]"
1630056885877662297,,[],0,"[0.25, -0.19, -0.55, -7.9375, -12.5, 226.625]"
1630056885929995187,,[],0,"[0.53, -0.3, -0.16, -7.5625, -12.375, 226.1875]"
1630056885980658117,,[],0,"[0.77, -0.22, -0.02, -7.125, -12.125, 225.9375]"
1630056886031223313,,[],0,"[0.9400000000000001, 0.01, 0.06, -6.6875, -12.25, 226.375]"
1630056886091345773,,[],0,"[0.73, 0.15, -0.02, -6.5, -12.25, 227.25]"
1630056886130701790,,[],0,"[0.5, 0.16, 0.28, -6.0625, -12.0, 228.625]"
1630056886183788626,,[],0,"[0.2, 0.09, -0.2, -6.0, -12.0, 229.875]"
1630056886234715198,,[],0,"[0.14, 0.25, -0.22, -5.75, -11.8125, 231.5625]"
1630056886285285895,,[],0,"[-0.39, 0.08, 0.48, -5.6875, -11.5625, 232.6875]"
1630056886335744164,,[],0,"[-0.1, 0.36, -0.39, -5.75, -11.5, 234.0]"
1630056886385611706,,[],0,"[-0.23, 0.36, 0.02, -5.625, -11.25, 234.5]"
1630056886436359461,,[],0,"[0.42, 0.2, 0.07, -5.6875, -11.4375, 235.25]"
1630056886486405739,,[],0,"[-0.09, 0.32, -0.08, -5.9375, -11.5, 236.1875]"
1630056886536105885,,[],0,"[0.36, 0.13, -0.02, -6.375, -11.625, 236.9375]"
1630056886588108090,,[],0,"[-0.53, -0.14, -0.11, -6.8125, -11.5, 237.25]"
1630056886655726193,,[],0,"[-0.11, 0.21, -0.23, -6.9375, -11.0625, 237.5625]"
1630056886736923341,,[],0,"[-0.34, -0.06, -0.23, -7.125, -10.4375, 237.5625]"
1630056886783320707,,[],0,"[0.0, -0.12, -0.35000000000000003, -7.0625, -9.5625, 237.625]"
1630056886840542259,,[],0,"[0.0, -0.29, -0.39, -6.625, -8.0625, 237.8125]"
1630056886893792953,,[],0,"[0.33, -0.49, 0.61, -6.75, -7.3125, 238.3125]"
1630056886955737171,,[],0,"[-0.62, -0.45, 0.34, -7.875, -7.875, 238.375]"
1630056886965898821,,[],0,"[-0.85, 0.09, -0.08, -8.375, -7.5, 238.3125]"
1630056887181118813,,[],0,"[-0.92, 0.06, -0.68, -7.9375, -6.375, 238.75]"
1630056887207749670,,[],0,"[-1.03, -0.37, -0.55, -7.5625, -5.0625, 239.1875]"
1630056887207777055,,[],0,"[-0.87, -0.44, 0.17, -7.0, -5.625, 239.375]"
1630056887207809394,,[],0,"[-1.34, -0.04, -0.51, -7.375, -6.8125, 240.0625]"
1630056887207827612,,[],0,"[-1.21, 0.53, -0.68, -7.0625, -7.4375, 240.375]"
1630056887255653053,,[],0,"[-1.1500000000000001, 0.23, -0.29, -6.75, -7.6875, 241.125]"
1630056887284044725,,[],0,"[-1.16, 0.0, -0.1, -6.5625, -7.375, 241.1875]"
1630056887332160404,,[],0,"[-0.9500000000000001, 0.01, -0.01, -6.5, -7.125, 241.3125]"
1630056887379561489,,[],0,"[-0.97, 0.12, -0.19, -6.625, -7.4375, 241.125]"
1630056887427770920,,[],0,"[-0.5, 0.0, -0.01, -7.0625, -6.875, 240.375]"
1630056887476726867,,[],0,"[-0.38, 0.25, -0.31, -7.625, -6.1875, 239.875]"
1630056887524537816,,[],0,"[-0.29, 0.46, -0.06, -7.875, -5.625, 239.5]"
1630056887572905933,,[],0,"[-0.72, -0.96, 0.61, -7.3125, -5.625, 239.25]"
1630056887619896488,,[],0,"[-0.46, -0.93, 0.68, -7.3125, -5.6875, 238.375]"
1630056887667974453,,[],0,"[-0.37, -0.41000000000000003, -0.59, -8.1875, -5.6875, 238.375]"
1630056887715860522,,[],0,"[-0.49, 0.04, -0.9500000000000001, -8.5, -5.5, 238.0625]"
1630056887763045291,,[],0,"[-0.9, -1.41, 0.38, -7.6875, -5.75, 236.1875]"
1630056887810707425,,[],0,"[-0.81, -1.06, -0.11, -7.5, -5.125, 233.5]"
1630056887858778419,,[],0,"[-0.17, -0.04, -0.33, -7.5, -4.625, 231.9375]"
1630056887909716167,,[],0,"[-0.12, -0.01, -0.41000000000000003, -7.4375, -4.8125, 229.875]"
1630056887959739315,,[],0,"[-0.5700000000000001, -0.73, 0.07, -7.5, -5.0625, 228.0]"
1630056888007743310,,[],0,"[-0.21, -0.12, -0.29, -7.375, -4.8125, 225.75]"
1630056888060368377,,[],0,"[-0.37, -0.39, 0.09, -7.125, -4.8125, 223.5]"
1630056888110924883,,[],0,"[-0.25, -0.41000000000000003, 0.07, -7.0, -4.9375, 220.6875]"
1630056888163227871,,[],0,"[-0.64, -0.74, 0.37, -7.125, -5.375, 217.8125]"
1630056888213257329,,[],0,"[-0.98, -0.45, -0.2, -7.5, -5.75, 214.5]"
1630056888262927998,,[],0,"[-0.8, -1.0, -0.1, -7.5625, -5.375, 210.0625]"
1630056888313674458,,[],0,"[-0.59, -0.85, -0.37, -7.5, -5.0, 205.9375]"
1630056888364063674,,[],0,"[-0.91, -0.65, -0.46, -7.0, -4.75, 202.0625]"
1630056888414189816,,[],0,"[-0.8300000000000001, -0.8200000000000001, -0.2, -5.6875, -4.5625, 198.375]"
1630056888468109912,,[],0,"[-0.25, -0.5700000000000001, 0.14, -4.5625, -4.375, 194.6875]"
1630056888520262891,,[],0,"[-0.41000000000000003, -0.01, -0.18, -4.8125, -4.125, 191.0]"
1630056888569791091,,[],0,"[-0.61, -0.12, -0.02, -5.0625, -4.25, 188.0625]"
1630056888619342968,,[],0,"[-0.87, 0.03, 0.09, -5.5, -3.75, 185.5]"
1630056888669244332,,[],0,"[-0.4, 0.05, 0.06, -6.0625, -3.4375, 182.625]"
1630056888717714089,,[],0,"[-0.37, 0.16, 0.27, -6.5, -3.1875, 179.8125]"
1630056888769670746,,[],0,"[-0.45, -0.19, 0.43, -6.625, -3.0625, 177.75]"
1630056888821070584,,[],0,"[-0.72, -0.76, 0.72, -6.625, -3.3125, 175.125]"
1630056888871106301,,[],0,"[0.02, -0.77, 0.39, -7.3125, -3.4375, 173.4375]"
1630056888921823859,,[],0,"[0.36, -0.96, -1.09, -8.3125, -3.8125, 171.8125]"
1630056888976877641,,[],0,"[0.38, -0.8, -0.75, -8.0, -3.9375, 169.3125]"
1630056889025487028,,[],0,"[-0.18, -1.22, 0.25, -7.0625, -3.1875, 166.9375]"
1630056889075331488,,[],0,"[0.65, -0.45, -0.23, -6.9375, -2.875, 165.5]"
1630056889125279657,,[],0,"[0.3, -0.51, -0.13, -7.25, -3.75, 163.625]"
1630056889175865701,,[],0,"[0.03, -0.49, -0.25, -7.375, -4.0, 161.4375]"
1630056889224742690,,[],0,"[0.5, -0.26, 0.17, -7.125, -3.5625, 159.4375]"
1630056889279710082,,[],0,"[0.54, -0.35000000000000003, 0.32, -7.25, -3.5625, 157.8125]"
1630056889325739911,,[],0,"[0.22, -0.59, 0.45, -8.0, -4.125, 156.5625]"
1630056889376744792,,[],0,"[0.25, -0.19, -0.06, -9.125, -4.75, 154.8125]"
1630056889428090291,,[],0,"[-0.2, -0.86, 0.36, -8.9375, -4.5, 153.3125]"
1630056889482480730,,[],0,"[-0.37, -0.71, 0.32, -8.875, -3.9375, 151.5625]"
1630056889531320183,,[],0,"[0.11, -0.36, -0.41000000000000003, -9.25, -3.75, 150.6875]"
1630056889585534195,,[],0,"[-0.41000000000000003, -0.8200000000000001, -0.21, -9.5, -4.3125, 149.4375]"
1630056889634572685,,[],0,"[-0.27, -1.02, 0.1, -9.0, -4.625, 148.75]"
1630056889687469054,,[],0,"[0.23, -0.32, -0.68, -8.9375, -4.625, 148.5]"
1630056889738759470,,[],0,"[-0.13, -0.16, -0.97, -9.0625, -4.6875, 148.0625]"
1630056889786362115,,[],0,"[-0.24, -0.03, -0.66, -9.0625, -4.9375, 146.8125]"
1630056889835985701,,[],0,"[-0.03, 0.23, -0.28, -9.125, -4.25, 145.6875]"
1630056889885744633,,[],0,"[0.19, 0.33, 0.22, -9.1875, -3.375, 145.5]"
1630056889937628627,,[],0,"[-0.32, -0.25, 0.52, -9.5625, -3.0, 145.625]"
1630056889986367825,,[],0,"[-0.45, -0.19, 0.44, -9.875, -3.1875, 145.5]"
1630056890036165777,,[],0,"[-0.27, -0.54, 0.55, -9.5, -3.375, 145.125]"
1630056890086535030,,[],0,"[0.33, -0.49, 0.37, -9.6875, -2.6875, 145.3125]"
1630056890136115042,,[],0,"[0.43, -0.51, -0.58, -10.5625, -2.6875, 145.9375]"
1630056890189211044,,[],0,"[-0.02, -0.72, -0.6900000000000001, -10.5625, -3.375, 144.8125]"
1630056890238770506,,[],0,"[-0.3, -1.3, 0.13, -9.5, -3.0, 143.625]"
1630056890289520318,,[],0,"[0.61, -0.22, -0.6, -9.125, -2.5, 143.75]"
1630056890339874271,,[],0,"[0.03, -0.35000000000000003, -0.45, -9.25, -3.5, 143.5]"
1630056890554857367,,[],0,"[-0.17, -0.21, -0.48, -9.5625, -3.6875, 142.0625]"
1630056890554916815,,[],0,"[0.45, -0.11, 0.01, -9.125, -2.75, 141.125]"
1630056890554933051,,[],0,"[0.48, -0.74, 0.54, -8.75, -1.6875, 141.0]"
1630056890554972561,,[],0,"[0.21, -0.9, 0.8200000000000001, -9.375, -1.75, 140.625]"
1630056890585635989,,[],0,"[-0.13, -0.3, 0.32, -9.9375, -2.4375, 139.8125]"
1630056890638551733,,[],0,"[0.01, -0.3, 0.33, -9.375, -2.4375, 138.1875]"
1630056890689406158,,[],0,"[0.23, -0.62, 0.26, -8.6875, -1.75, 137.3125]"
1630056890739241580,,[],0,"[0.21, -0.45, -0.18, -8.5, -1.3125, 136.875]"
1630056890789703051,,[],0,"[-0.19, -1.12, 0.26, -8.25, -2.0, 136.125]"
1630056890838932354,,[],0,"[0.13, -0.76, -0.36, -8.25, -2.25, 135.625]"
1630056890891279441,,[],0,"[0.63, 0.15, -0.9, -8.375, -2.25, 135.8125]"
1630056890945756266,,[],0,"[0.07, 0.21, -0.99, -8.625, -2.3125, 136.0]"
1630056890995647581,,[],0,"[0.12, -0.04, -0.17, -8.4375, -2.125, 136.125]"
1630056891046290038,,[],0,"[0.3, 0.04, 0.06, -8.5625, -1.6875, 136.625]"
1630056891096446345,,[],0,"[0.19, -0.05, 0.1, -9.1875, -1.6875, 138.375]"
1630056891145777215,,[],0,"[-0.23, -0.3, -0.04, -9.8125, -2.0, 139.75]"
1630056891196562466,,[],0,"[0.12, -0.76, 0.8200000000000001, -9.25, -2.0625, 140.8125]"
1630056891241333952,,[],0,"[0.07, -1.4000000000000001, 0.92, -9.1875, -2.0625, 142.375]"
1630056891293547759,,[],0,"[0.51, -0.49, -0.51, -10.375, -2.0625, 144.3125]"
1630056891343871341,,[],0,"[0.35000000000000003, -0.9400000000000001, -0.28, -9.9375, -2.625, 145.4375]"
1630056891393424763,,[],0,"[-0.07, -1.58, 0.55, -9.25, -2.4375, 145.8125]"
1630056891443614839,,[],0,"[0.56, -0.6900000000000001, -0.32, -9.5, -2.0625, 147.3125]"
1630056891515609611,,[],0,"[0.21, -0.33, -0.63, -10.125, -2.75, 148.5]"
1630056891588669579,,[],0,"[-0.06, -0.48, -0.48, -10.375, -3.1875, 148.375]"
1630056891632718703,,[],0,"[0.17, -0.56, -0.17, -10.0625, -2.25, 148.25]"
1630056891686420691,,[],0,"[1.01, -0.24, 0.14, -9.875, -1.125, 147.9375]"
1630056891725858032,,[],0,"[0.63, -0.34, 0.3, -10.75, -1.3125, 148.3125]"
1630056891762201501,,[],0,"[0.55, -0.12, -0.13, -11.5, -1.875, 148.5]"
1630056891793541525,,[],0,"[0.06, -0.32, -0.51, -12.1875, -2.125, 148.8125]"
1630056891874311033,,[],0,"[-0.33, -0.65, 0.26, -11.25, -2.0625, 148.25]"
1630056891924914560,,[],0,"[0.48, -0.39, -0.23, -10.9375, -1.5, 147.8125]"
1630056891976193511,,[],0,"[-0.12, -1.1400000000000001, 0.5700000000000001, -10.5625, -2.125, 148.0625]"
1630056892026984846,,[],0,"[0.02, -0.93, 0.16, -10.3125, -2.625, 147.6875]"
1630056892050967494,,[],0,"[0.34, -0.65, -0.21, -10.1875, -2.0625, 147.4375]"
1630056892107871940,,[],0,"[1.06, 0.12, -0.62, -10.3125, -1.5625, 147.625]"
1630056892150260831,,[],0,"[0.5, 0.04, -0.73, -10.5, -1.75, 148.0]"
1630056892192970270,,[],0,"[0.49, -0.01, -0.23, -10.625, -2.125, 148.0625]"
1630056892247400870,,[],0,"[-0.26, -0.31, -0.24, -11.1875, -1.75, 149.1875]"
1630056892296208424,,[],0,"[0.26, -0.09, 0.21, -11.625, -1.625, 149.625]"
1630056892346504277,,[],0,"[-0.58, -0.7000000000000001, 0.58, -11.25, -1.625, 149.625]"
1630056892398227260,,[],0,"[0.25, -0.78, 1.1, -11.0, -1.125, 149.625]"
1630056892448916684,,[],0,"[1.1, -0.47000000000000003, -0.27, -12.0, -1.1875, 150.8125]"
1630056892496594564,,[],0,"[0.73, -0.9, -0.28, -12.4375, -2.3125, 151.3125]"
1630056892545462851,,[],0,"[0.31, -1.04, -0.29, -12.125, -2.9375, 151.6875]"
1630056892595391993,,[],0,"[0.56, -0.7000000000000001, -0.16, -11.4375, -2.875, 153.375]"
1630056892648362300,,[],0,"[0.02, -0.29, -0.34, -11.4375, -4.0625, 155.3125]"
1630056892695069364,,[],0,"[0.63, -0.44, 0.42, -11.625, -5.375, 156.8125]"
1630056892742985445,,[],0,"[0.36, -1.09, 0.49, -12.125, -6.125, 157.6875]"
1630056892795410129,,[],0,"[1.06, -1.27, 1.31, -12.9375, -5.875, 158.4375]"
1630056892844652640,,[],0,"[1.01, -1.51, 0.97, -14.6875, -5.625, 159.25]"
1630056892894574806,,[],0,"[0.49, -1.72, 0.65, -16.3125, -5.4375, 160.3125]"
1630056892944541468,,[],0,"[0.54, -1.41, 0.47000000000000003, -16.75, -4.75, 161.25]"
1630056892994496188,,[],0,"[0.96, -1.0, 0.58, -16.875, -3.6875, 164.1875]"
1630056893045284441,,[],0,"[0.21, -1.86, -0.05, -17.4375, -3.9375, 168.0625]"
1630056893097496038,,[],0,"[0.36, -1.53, -0.43, -18.3125, -4.75, 170.8125]"
1630056893147654025,,[],0,"[1.07, -1.08, -0.8200000000000001, -18.4375, -4.4375, 173.9375]"
1630056893197196552,,[],0,"[1.29, -1.47, 0.24, -18.125, -3.8125, 178.0]"
1630056893247358477,,[],0,"[1.1400000000000001, -2.08, 0.45, -18.25, -4.1875, 182.8125]"
1630056893298111825,,[],0,"[0.73, -2.0100000000000002, 0.72, -18.3125, -5.0625, 188.0]"
1630056893347854852,,[],0,"[1.01, -1.57, 0.03, -18.75, -6.0625, 193.625]"
1630056893398499652,,[],0,"[1.02, -1.3, 0.22, -19.0, -6.625, 199.5]"
1630056893449159446,,[],0,"[0.9400000000000001, -1.72, 0.23, -19.125, -7.0625, 205.4375]"
1630056893497121748,,[],0,"[0.77, -1.9100000000000001, 0.32, -19.0625, -7.125, 211.625]"
1630056893551118992,,[],0,"[0.64, -2.2, 0.27, -19.1875, -7.1875, 217.5625]"
1630056893599213623,,[],0,"[0.62, -1.6, 0.12, -18.8125, -7.1875, 223.125]"
1630056893653982521,,[],0,"[0.46, -1.73, 0.6900000000000001, -18.3125, -7.0625, 228.1875]"
1630056893699654335,,[],0,"[0.8200000000000001, -1.35, 0.42, -18.0, -6.75, 233.3125]"
1630056893749213925,,[],0,"[0.72, -1.49, 0.6900000000000001, -17.375, -7.0, 238.4375]"
1630056893799866797,,[],0,"[0.8, -1.05, 0.15, -17.1875, -7.75, 243.0625]"
1630056893850830656,,[],0,"[0.33, -1.3800000000000001, 0.49, -16.625, -8.4375, 247.625]"
1630056893899194441,,[],0,"[0.6900000000000001, -0.85, 0.1, -16.0, -8.5625, 251.75]"
1630056893951342271,,[],0,"[0.43, -1.24, 0.49, -15.375, -8.5625, 256.1875]"
1630056894000598666,,[],0,"[0.73, -0.72, 0.15, -15.5, -8.75, 259.875]"
1630056894049444786,,[],0,"[0.6, -0.98, 0.25, -15.5625, -9.125, 263.6875]"
1630056894099099257,,[],0,"[0.66, -1.35, 0.06, -16.0, -9.25, 266.5625]"
1630056894149231082,,[],0,"[-0.01, -1.16, 0.37, -16.0, -9.3125, 270.1875]"
1630056894199640045,,[],0,"[-0.36, -1.02, 0.17, -16.1875, -9.3125, 272.6875]"
1630056894248491822,,[],0,"[-0.46, -0.74, -0.04, -16.25, -8.625, 275.9375]"
1630056894301743887,,[],0,"[-0.22, -0.42, -0.24, -16.0625, -7.8125, 278.9375]"
1630056894351021012,,[],0,"[-0.1, -0.63, 0.08, -15.75, -7.0625, 282.1875]"
1630056894400331571,,[],0,"[0.01, -0.84, 0.48, -15.5, -7.0, 285.75]"
1630056894452415184,,[],0,"[-0.22, -0.77, 0.16, -15.6875, -7.375, 290.0]"
1630056894501306648,,[],0,"[-0.33, -0.25, -0.44, -15.8125, -7.75, 294.3125]"
1630056894551599388,,[],0,"[-0.37, -0.22, -0.56, -15.5625, -7.8125, 298.5]"
1630056894603072521,,[],0,"[-0.2, -0.49, -0.36, -15.0, -7.75, 302.125]"
1630056894651360867,,[],0,"[-0.2, -0.59, -0.06, -14.6875, -7.5, 305.3125]"
1630056894701746751,,[],0,"[-0.35000000000000003, -0.46, 0.07, -14.375, -7.3125, 307.9375]"
1630056894750579064,,[],0,"[-0.26, -0.54, 0.28, -14.3125, -7.0625, 310.75]"
1630056894815178671,,[],0,"[-0.46, -0.4, -0.18, -14.9375, -6.375, 313.25]"
1630056894849044402,,[],0,"[-0.6, -0.84, 0.48, -14.75, -5.6875, 315.1875]"
1630056894902255064,,[],0,"[-0.7000000000000001, -1.4000000000000001, -0.1, -15.125, -4.4375, 317.25]"
1630056894952347418,,[],0,"[-0.8, -0.64, 0.21, -15.1875, -3.75, 319.625]"
1630056895002777363,,[],0,"[-0.65, -0.56, -0.48, -14.875, -3.0, 320.1875]"
1630056895052308413,,[],0,"[-0.7000000000000001, -1.1400000000000001, 0.59, -13.875, -2.25, 321.375]"
1630056895102947331,,[],0,"[-0.42, -0.54, -0.24, -13.9375, -1.9375, 323.1875]"
1630056895151362579,,[],0,"[-0.71, -0.73, -0.03, -13.9375, -2.4375, 324.5]"
1630056895205748392,,[],0,"[-0.54, -0.56, -0.56, -14.1875, -2.625, 324.4375]"
1630056895255844673,,[],0,"[-0.28, -0.28, -0.67, -13.6875, -2.0625, 324.25]"
1630056895309718695,,[],0,"[-0.43, -0.8300000000000001, 0.18, -13.6875, -1.6875, 323.3125]"
1630056895352779480,,[],0,"[-0.06, -0.47000000000000003, -0.22, -14.5, -1.9375, 322.25]"
1630056895405293280,,[],0,"[-1.31, -0.45, 0.27, -14.5, -1.875, 320.4375]"
1630056895452480612,,[],0,"[-1.21, -0.33, -0.11, -14.1875, -0.9375, 318.25]"
1630056895504401935,,[],0,"[-1.33, -0.22, -0.27, -13.375, -0.25, 316.625]"
1630056895558442987,,[],0,"[-1.43, -0.6900000000000001, 0.59, -12.8125, -0.375, 314.9375]"
1630056895606373646,,[],0,"[-1.6400000000000001, -0.31, -0.28, -12.9375, -1.25, 313.4375]"
1630056895652386039,,[],0,"[-1.31, 0.33, -0.68, -12.9375, -1.25, 311.8125]"
1630056895702666548,,[],0,"[-1.01, 0.26, -0.99, -12.75, -0.875, 310.375]"
1630056895750579193,,[],0,"[-0.92, 0.13, -0.79, -12.1875, -0.5625, 308.9375]"
1630056895797570847,,[],0,"[-0.76, -0.2, -0.2, -11.625, -0.25, 307.125]"
1630056895843784144,,[],0,"[-0.54, 0.03, -0.45, -11.75, 0.0, 305.875]"
1630056895894057353,,[],0,"[-0.51, -0.08, 0.05, -11.75, 0.5, 304.6875]"
1630056895941648519,,[],0,"[0.23, 0.4, 0.1, -11.875, 1.3125, 303.6875]"
1630056895991172370,,[],0,"[-0.8200000000000001, -0.36, 0.46, -11.4375, 1.3125, 303.25]"
1630056896044334650,,[],0,"[-0.26, -0.09, 0.16, -11.25, 0.875, 302.25]"
1630056896093257750,,[],0,"[-0.6, -0.01, -0.44, -12.0, 0.3125, 302.3125]"
1630056896140904314,,[],0,"[-1.04, -0.75, 0.34, -11.8125, -0.3125, 300.1875]"
1630056896187330898,,[],0,"[-0.39, -0.81, 0.04, -11.5, 0.0, 297.6875]"
1630056896240610324,,[],0,"[-0.41000000000000003, -0.58, 0.21, -10.9375, 0.375, 296.125]"
1630056896282774649,,[],0,"[-0.35000000000000003, 0.06, -0.75, -10.75, 0.4375, 294.5]"
1630056896335238722,,[],0,"[-0.85, -0.48, -0.15, -10.9375, 0.1875, 292.6875]"
1630056896385056745,,[],0,"[-0.38, -0.05, -0.46, -11.1875, 0.5, 290.375]"
1630056896435123866,,[],0,"[-0.16, -0.12, -0.52, -11.4375, 0.8125, 288.375]"
1630056896484711527,,[],0,"[-0.28, -0.55, -0.16, -11.625, 0.75, 285.8125]"
1630056896540222950,,[],0,"[-0.67, -0.66, 0.17, -12.0, 0.8125, 283.0]"
1630056896601011745,,[],0,"[-0.6, -0.13, -0.11, -11.625, 1.25, 279.75]"
1630056896682907535,,[],0,"[-0.16, -0.54, 0.8200000000000001, -10.625, 2.4375, 276.25]"
1630056896726121781,,[],0,"[-0.24, 0.06, 0.0, -10.625, 2.5625, 274.875]"
1630056896762677646,,[],0,"[-1.21, -0.92, 0.55, -10.0, 1.3125, 272.4375]"
1630056896794820090,,[],0,"[-0.9500000000000001, -0.27, -0.66, -9.9375, 0.6875, 269.75]"
1630056896894773286,,[],0,"[0.02, 0.35000000000000003, -0.61, -9.75, 1.125, 267.5]"
1630056896909844537,,[],0,"[-0.67, 0.08, -0.73, -9.8125, 1.1875, 265.625]"
1630056897109836865,,[],0,"[-0.48, 0.14, -0.47000000000000003, -9.8125, 0.9375, 263.8125]"
1630056897136927332,,[],0,"[-0.52, 0.17, -0.39, -9.625, 0.8125, 262.5]"
1630056897136950093,,[],0,"[-0.19, 0.12, -0.11, -9.875, 0.9375, 261.625]"
1630056897136958369,,[],0,"[-0.24, -0.16, 0.11, -10.0, 0.8125, 261.0]"
1630056897169061154,,[],0,"[-0.18, 0.34, 0.21, -9.9375, 0.625, 260.125]"
1630056897189109358,,[],0,"[-0.65, -0.68, 0.62, -9.125, 0.4375, 259.875]"
1630056897264928649,,[],0,"[0.34, -0.36, 0.44, -9.1875, 0.0, 259.25]"
1630056897282963125,,[],0,"[0.03, -0.37, -0.5700000000000001, -10.375, -0.9375, 259.5625]"
1630056897335926332,,[],0,"[-0.14, -0.9500000000000001, -0.23, -10.5625, -1.9375, 258.125]"
1630056897386565585,,[],0,"[-0.03, -1.26, 0.03, -9.75, -1.9375, 256.8125]"
1630056897438049894,,[],0,"[0.22, -0.72, -0.15, -9.375, -2.1875, 256.6875]"
1630056897487541162,,[],0,"[0.03, -0.31, -0.56, -9.625, -3.0625, 256.125]"
1630056897537546120,,[],0,"[-0.07, -0.13, -0.43, -9.5, -3.25, 255.0625]"
1630056897586429391,,[],0,"[0.2, -0.16, -0.05, -9.0625, -2.75, 254.0]"
1630056897642707334,,[],0,"[0.59, -0.04, 0.21, -9.4375, -2.625, 253.0625]"
1630056897691354192,,[],0,"[-0.08, -0.5, 0.15, -10.0625, -2.8125, 252.3125]"
1630056897744265588,,[],0,"[-0.16, -0.1, 0.0, -10.25, -2.5625, 250.75]"
1630056897794252112,,[],0,"[-0.4, -0.42, 0.33, -9.5, -2.125, 249.25]"
1630056897844158575,,[],0,"[-0.78, -1.07, 0.8300000000000001, -8.8125, -1.75, 247.5]"
1630056897893116986,,[],0,"[-0.67, -0.71, -0.21, -9.25, -0.9375, 245.4375]"
1630056897946610187,,[],0,"[-0.74, -1.09, -0.13, -9.3125, -0.4375, 243.6875]"
1630056897996345155,,[],0,"[-0.98, -0.67, -0.27, -8.8125, 0.25, 240.8125]"
1630056898045783508,,[],0,"[-0.52, -0.43, -0.13, -8.25, 1.0625, 238.125]"
1630056898094767403,,[],0,"[-0.72, -0.03, -0.67, -8.6875, 1.1875, 235.5625]"
1630056898143546066,,[],0,"[-0.6, 0.25, -0.72, -9.0, 1.375, 232.4375]"
1630056898196805998,,[],0,"[-0.48, 0.29, -0.63, -9.25, 1.5, 229.125]"
1630056898246360865,,[],0,"[-0.4, 0.17, -0.21, -9.25, 2.0625, 227.1875]"
1630056898298063047,,[],0,"[-0.61, -0.15, 0.41000000000000003, -9.0625, 2.75, 224.5625]"
1630056898348296321,,[],0,"[-1.46, -0.64, 1.36, -8.75, 3.875, 222.6875]"
1630056898398443021,,[],0,"[-0.96, -0.58, 1.1, -8.6875, 5.0, 220.375]"
1630056898451269411,,[],0,"[0.12, -0.29, 0.31, -10.3125, 5.625, 218.375]"
1630056898503698622,,[],0,"[-0.62, -1.22, -0.61, -11.25, 4.875, 215.875]"
1630056898551376253,,[],0,"[-0.68, -1.35, 0.51, -10.375, 4.9375, 212.625]"
1630056898604011014,,[],0,"[-0.53, -1.09, -0.03, -10.375, 5.3125, 210.875]"
1630056898652571208,,[],0,"[-0.04, -0.45, -0.61, -11.1875, 4.625, 208.1875]"
1630056898701401956,,[],0,"[-0.8, -0.71, -0.42, -11.5, 3.9375, 205.0]"
1630056898753310195,,[],0,"[-0.45, -0.7000000000000001, -0.19, -11.4375, 4.25, 201.9375]"
1630056898801376424,,[],0,"[-0.34, -0.89, -0.13, -11.5625, 4.25, 198.9375]"
1630056898852766361,,[],0,"[-0.76, -1.11, 0.04, -12.125, 3.375, 195.4375]"
1630056898903699802,,[],0,"[-1.11, -1.03, 0.05, -12.5625, 3.625, 191.75]"
1630056899114950831,,[],0,"[-0.54, -0.78, 0.04, -11.9375, 4.1875, 187.625]"
1630056899115005218,,[],0,"[-0.44, -0.96, 1.03, -10.625, 4.75, 183.75]"
1630056899115029059,,[],0,"[-0.33, -0.72, 0.13, -10.8125, 4.3125, 180.875]"
1630056899115045399,,[],0,"[-1.34, -1.01, -0.27, -11.0625, 3.1875, 178.4375]"
1630056899145392450,,[],0,"[-1.34, -0.98, -0.43, -10.1875, 3.375, 174.875]"
1630056899198726999,,[],0,"[-0.16, -0.14, -0.46, -9.625, 4.0625, 171.875]"
1630056899247967446,,[],0,"[-0.62, -0.17, -0.21, -9.5625, 3.9375, 169.1875]"
1630056899296972717,,[],0,"[-0.7000000000000001, 0.17, -0.77, -9.625, 3.75, 166.3125]"
1630056899347173218,,[],0,"[-0.67, 0.09, -0.64, -9.1875, 3.75, 163.8125]"
1630056899397036857,,[],0,"[-0.04, 0.27, -0.33, -9.0, 3.5625, 161.1875]"
1630056899446070007,,[],0,"[-0.19, -0.21, 0.17, -9.125, 3.625, 159.0]"
1630056899497397285,,[],0,"[-0.23, -0.3, 0.51, -9.4375, 4.0, 157.5]"
1630056899546575686,,[],0,"[-0.39, -0.74, 0.65, -9.375, 4.0625, 156.8125]"
1630056899596261390,,[],0,"[0.02, -0.4, 0.74, -9.0, 4.125, 156.0]"
1630056899646200733,,[],0,"[0.01, -0.34, 0.19, -9.75, 3.875, 156.25]"
1630056899696166102,,[],0,"[-0.65, -0.72, -1.04, -11.25, 3.1875, 156.25]"
1630056899746824518,,[],0,"[-0.23, -1.1400000000000001, -0.18, -10.4375, 3.1875, 154.4375]"
1630056899798113794,,[],0,"[0.27, -0.54, -0.37, -9.0625, 3.8125, 154.125]"
1630056899847225543,,[],0,"[0.15, -0.46, -0.21, -8.4375, 3.4375, 155.0625]"
1630056899900762130,,[],0,"[-0.14, -0.52, -0.38, -8.0, 2.0625, 155.875]"
1630056899943363248,,[],0,"[0.33, -0.53, -0.19, -7.625, 0.6875, 156.6875]"
1630056899994056788,,[],0,"[-0.31, -0.62, -0.04, -7.9375, 0.0625, 157.625]"
1630056900041290186,,[],0,"[0.3, 0.05, 0.08, -8.25, -0.3125, 157.6875]"
1630056900093471319,,[],0,"[-0.26, -0.42, 0.19, -8.4375, -0.625, 157.5625]"
1630056900141335964,,[],0,"[0.18, -0.12, 0.35000000000000003, -9.0, -0.8125, 156.75]"
1630056900191214953,,[],0,"[-0.28, -0.7000000000000001, 0.12, -9.0625, -0.875, 156.125]"
1630056900241304630,,[],0,"[0.12, -0.62, 0.35000000000000003, -8.3125, -0.5, 155.375]"
1630056900293336303,,[],0,"[0.0, -0.45, -0.02, -8.25, -0.25, 155.75]"
1630056900341120607,,[],0,"[-0.97, -1.12, 0.34, -8.0625, -0.375, 155.875]"
1630056900392225687,,[],0,"[-0.65, -0.5700000000000001, -0.36, -7.9375, -0.3125, 154.9375]"
1630056900445730396,,[],0,"[0.28, -0.28, -0.54, -7.8125, 0.0, 154.75]"
1630056900495665770,,[],0,"[-0.44, -0.55, -0.61, -7.875, -0.0625, 154.3125]"
1630056900549396795,,[],0,"[-0.46, -0.41000000000000003, -0.48, -7.9375, -0.125, 153.5625]"
1630056900600411789,,[],0,"[-0.22, -0.19, -0.18, -7.8125, 0.125, 153.625]"
1630056900654411081,,[],0,"[-0.8, -0.7000000000000001, 0.28, -8.1875, 0.25, 153.75]"
1630056900707108993,,[],0,"[-0.37, -0.55, 0.07, -8.5625, 0.25, 154.0]"
1630056900755845769,,[],0,"[-1.1, -1.87, 1.3800000000000001, -7.9375, 0.0625, 153.625]"
1630056900806437869,,[],0,"[-0.11, -1.23, -0.05, -8.3125, 0.625, 153.4375]"
1630056900851896651,,[],0,"[0.18, -0.55, -0.87, -9.0625, 0.6875, 153.8125]"
1630056900906066928,,[],0,"[-0.71, -1.51, -0.59, -8.3125, 0.0625, 152.375]"
1630056900954033427,,[],0,"[-0.24, -1.03, -0.16, -6.8125, 0.3125, 151.25]"
1630056901001012993,,[],0,"[-0.19, -0.98, -0.31, -5.5625, 0.0, 151.5]"
1630056901047842477,,[],0,"[-0.73, -1.26, -0.31, -5.625, -0.8125, 150.6875]"
1630056901097232728,,[],0,"[-0.64, -0.9500000000000001, 0.04, -5.3125, -1.125, 149.125]"
1630056901147562922,,[],0,"[-0.41000000000000003, -0.63, 0.02, -5.3125, -0.625, 147.3125]"
1630056901193113933,,[],0,"[-0.15, -0.5700000000000001, 0.08, -5.125, -0.0625, 145.6875]"
1630056901239566148,,[],0,"[-0.21, -0.86, 0.08, -5.0, -0.25, 143.125]"
1630056901291255810,,[],0,"[-0.84, -1.5, 0.25, -5.4375, -0.375, 139.9375]"
1630056901339622862,,[],0,"[-0.99, -1.21, 0.23, -5.375, 0.0, 135.9375]"
1630056901387029905,,[],0,"[-1.23, -1.3800000000000001, 0.42, -4.25, 0.6875, 131.6875]"
1630056901437656804,,[],0,"[-0.6, -0.26, 0.05, -4.0, 2.1875, 128.75]"
1630056901488045836,,[],0,"[-0.91, -0.47000000000000003, 0.05, -4.0, 2.3125, 125.0625]"
1630056901540186973,,[],0,"[-1.52, -0.96, 0.24, -3.5625, 2.25, 121.375]"
1630056901587680986,,[],0,"[-0.8300000000000001, -0.49, 0.13, -3.3125, 2.9375, 117.8125]"
1630056901641396812,,[],0,"[-0.51, -0.12, -0.52, -3.6875, 3.5, 114.5625]"
1630056901732349426,,[],0,"[-0.42, -0.05, -0.32, -4.125, 3.1875, 111.1875]"
1630056901771032643,,[],0,"[-0.89, -0.29, -0.45, -4.5625, 2.9375, 108.125]"
1630056901805890374,,[],0,"[-0.67, -0.55, -0.08, -4.625, 2.8125, 105.25]"
1630056901847920663,,[],0,"[-0.66, -0.49, 0.33, -5.0625, 3.0, 102.3125]"
1630056901918769443,,[],0,"[-0.04, -0.32, 0.16, -5.9375, 2.9375, 99.625]"
1630056901982550679,,[],0,"[-0.42, -0.6, 0.34, -6.0625, 2.8125, 96.9375]"
1630056902003762787,,[],0,"[-0.55, -0.93, 0.2, -6.0625, 3.1875, 93.5625]"
1630056902051173223,,[],0,"[0.26, -0.39, -0.53, -6.8125, 3.5, 91.1875]"
1630056902104058009,,[],0,"[0.13, -0.37, -0.77, -7.375, 2.9375, 89.0625]"
1630056902153300561,,[],0,"[-0.78, -1.3800000000000001, -0.18, -6.8125, 2.5, 86.5]"
1630056902204080313,,[],0,"[-0.27, -1.33, 0.4, -6.0, 2.5625, 84.5625]"
1630056902256610620,,[],0,"[0.03, -0.91, -0.1, -6.0, 2.0, 83.0]"
1630056902301348776,,[],0,"[0.05, -0.76, -0.22, -6.375, 1.0625, 81.1875]"
1630056902352351236,,[],0,"[-0.37, -0.73, -0.12, -6.4375, 0.375, 79.4375]"
1630056902402896341,,[],0,"[-0.05, -0.55, -0.22, -6.4375, 0.0, 77.5625]"
1630056902452578410,,[],0,"[-0.17, -0.44, -0.47000000000000003, -6.4375, -0.375, 75.6875]"
1630056902507787805,,[],0,"[-0.17, -0.58, 0.1, -5.9375, -0.625, 73.6875]"
1630056902556662220,,[],0,"[-0.4, -0.73, 0.77, -5.6875, -0.75, 71.75]"
1630056902605949627,,[],0,"[0.35000000000000003, -0.01, -0.24, -5.875, -1.0, 70.5625]"
1630056902656396142,,[],0,"[-0.2, -0.15, -0.48, -6.0625, -1.5625, 69.75]"
1630056902705660967,,[],0,"[0.04, -0.03, -0.6, -6.0625, -1.625, 68.3125]"
1630056902753583556,,[],0,"[-0.28, -0.7000000000000001, 0.5700000000000001, -5.5625, -1.4375, 67.1875]"
1630056902804552970,,[],0,"[-0.14, -0.32, 0.17, -6.125, -1.8125, 66.375]"
1630056902856798493,,[],0,"[-0.23, -0.2, -0.44, -6.25, -2.3125, 65.8125]"
1630056902906230075,,[],0,"[0.1, -0.1, -0.23, -6.125, -2.5, 65.1875]"
1630056902954548578,,[],0,"[0.12, -0.3, -0.07, -6.0, -3.0, 65.0625]"
1630056903003881740,,[],0,"[-0.2, -0.34, -0.28, -6.0, -3.5, 65.125]"
1630056903054469816,,[],0,"[-0.3, -0.19, 0.0, -5.75, -3.9375, 65.5625]"
1630056903104686721,,[],0,"[-0.39, -0.28, -0.21, -5.8125, -4.0, 66.25]"
1630056903157130603,,[],0,"[-0.23, -0.14, 0.13, -5.4375, -3.9375, 66.5625]"
1630056903207119988,,[],0,"[-0.38, -0.56, 0.31, -5.375, -3.625, 67.25]"
1630056903259268420,,[],0,"[-0.22, -0.24, -0.05, -5.4375, -3.1875, 67.6875]"
1630056903310875677,,[],0,"[-0.28, -0.45, 0.06, -5.125, -3.125, 68.0]"
1630056903361468666,,[],0,"[-0.15, -0.51, 0.03, -4.875, -2.875, 68.3125]"
1630056903410125725,,[],0,"[-0.2, -0.6900000000000001, 0.1, -4.6875, -2.6875, 68.6875]"
1630056903460521802,,[],0,"[-0.22, -0.56, -0.32, -5.0, -2.375, 68.875]"
1630056903512865788,,[],0,"[-0.26, -0.39, -0.21, -5.0625, -1.9375, 68.9375]"
1630056903561355681,,[],0,"[0.12, -0.17, -0.12, -5.0, -2.0, 68.9375]"
1630056903614335793,,[],0,"[-0.11, -0.07, 0.03, -4.75, -2.125, 69.0]"
1630056903659945856,,[],0,"[-0.03, -0.21, -0.07, -4.625, -2.3125, 69.3125]"
1630056903709327508,,[],0,"[0.13, 0.01, -0.35000000000000003, -4.5625, -2.4375, 69.375]"
1630056903758569989,,[],0,"[-0.01, -0.08, 0.0, -4.25, -2.625, 69.3125]"
1630056903809990986,,[],0,"[0.14, 0.0, 0.12, -4.25, -2.9375, 69.0625]"
1630056903862331658,,[],0,"[-0.33, -0.31, 0.1, -4.25, -3.3125, 69.0625]"
1630056903910708609,,[],0,"[-0.02, -0.06, -0.07, -4.25, -3.4375, 69.0]"
1630056903960718306,,[],0,"[-0.04, -0.25, -0.13, -4.25, -3.3125, 69.125]"
1630056904012491454,,[],0,"[0.35000000000000003, 0.02, -0.33, -4.0625, -3.1875, 69.125]"
1630056904066730208,,[],0,"[-0.04, -0.51, 0.09, -3.8125, -3.0, 69.4375]"
1630056904118266858,,[],0,"[0.17, -0.2, -0.06, -3.8125, -2.9375, 69.5625]"
1630056904174255362,,[],0,"[-0.29, -0.4, -0.17, -3.6875, -2.9375, 70.0625]"
1630056904216874528,,[],0,"[-0.27, -0.17, -0.07, -3.625, -3.0, 70.1875]"
1630056904265014407,,[],0,"[-0.27, -0.18, -0.14, -3.4375, -3.0625, 70.5625]"
1630056904314421604,,[],0,"[-0.1, 0.08, -0.23, -3.5, -3.125, 70.5625]"
1630056904365450453,,[],0,"[-0.16, -0.11, -0.1, -3.375, -3.125, 70.5625]"
1630056904414164929,,[],0,"[-0.12, -0.01, -0.01, -3.3125, -3.0625, 70.3125]"
1630056904464181304,,[],0,"[-0.11, -0.19, -0.09, -3.25, -2.9375, 70.25]"
1630056904513880641,,[],0,"[-0.05, -0.06, -0.19, -3.25, -2.9375, 70.0625]"
1630056904561136297,,[],0,"[0.2, 0.01, 0.09, -3.125, -2.75, 69.75]"
1630056904611233029,,[],0,"[0.17, -0.28, 0.18, -3.0, -2.5625, 69.75]"
1630056904662455229,,[],0,"[0.18, 0.0, -0.12, -3.125, -2.3125, 69.75]"
1630056904713419206,,[],0,"[0.03, -0.31, 0.06, -3.125, -2.0625, 69.8125]"
1630056904762270948,,[],0,"[0.13, -0.12, -0.37, -3.1875, -1.9375, 69.875]"
1630056904812417276,,[],0,"[0.03, -0.09, -0.07, -2.875, -1.875, 70.125]"
1630056904862757413,,[],0,"[-0.03, -0.31, 0.03, -2.375, -1.8125, 70.6875]"
1630056904913466834,,[],0,"[0.17, 0.07, -0.29, -2.1875, -1.6875, 71.0625]"
1630056904967568378,,[],0,"[0.55, 0.05, 0.07, -1.5625, -2.0625, 72.4375]"
1630056905020852744,,[],0,"[-0.24, -0.4, -0.39, -1.625, -2.875, 73.0625]"
1630056905071422305,,[],0,"[-0.05, 0.02, -0.17, -1.6875, -2.8125, 72.875]"
1630056905123112794,,[],0,"[-0.3, -0.07, -0.18, -1.3125, -2.375, 72.75]"
1630056905171333814,,[],0,"[0.13, -0.14, -0.2, -1.0625, -2.375, 72.3125]"
1630056905220980568,,[],0,"[0.02, 0.02, -0.35000000000000003, -0.9375, -2.8125, 71.8125]"
1630056905272675860,,[],0,"[-0.14, -0.07, -0.01, -0.875, -3.0, 72.1875]"
1630056905322420611,,[],0,"[-0.93, -0.72, 0.24, -1.125, -2.75, 73.3125]"
1630056905372888579,,[],0,"[-0.52, 0.01, -0.33, -2.375, -2.4375, 73.4375]"
1630056905424507822,,[],0,"[0.04, -0.33, -0.3, -3.9375, -1.9375, 73.4375]"
1630056905475044421,,[],0,"[0.1, 0.08, -0.65, -5.0, -1.5, 73.875]"
1630056905526921155,,[],0,"[-0.07, -0.47000000000000003, -0.39, -5.8125, -1.8125, 74.0]"
1630056905580940787,,[],0,"[0.16, -0.12, -0.45, -6.5625, -2.25, 73.8125]"
1630056905635069968,,[],0,"[0.25, 0.08, -0.51, -7.125, -2.25, 73.6875]"
1630056905684237074,,[],0,"[0.22, -0.51, -0.49, -8.4375, -2.5625, 73.25]"
1630056905737866585,,[],0,"[0.63, -0.37, -0.51, -9.9375, -3.0, 72.5625]"
1630056905790091465,,[],0,"[0.53, -0.06, -0.25, -10.8125, -2.8125, 71.875]"
1630056905841584110,,[],0,"[0.26, -0.7000000000000001, 0.92, -11.5, -2.25, 71.3125]"
1630056905895122056,,[],0,"[-0.03, 0.21, 0.37, -12.3125, -2.125, 70.4375]"
1630056905945693913,,[],0,"[0.32, -0.09, 1.29, -13.375, -2.5, 68.375]"
1630056905996024455,,[],0,"[-0.12, 0.11, 0.03, -14.375, -3.1875, 66.9375]"
1630056906046653596,,[],0,"[0.25, 0.73, 0.0, -14.3125, -3.625, 65.0]"
1630056906097585602,,[],0,"[-0.09, 0.18, -0.61, -13.5625, -4.5625, 63.375]"
1630056906148845315,,[],0,"[-0.06, -0.13, -0.11, -13.0, -5.6875, 62.0]"
1630056906198577200,,[],0,"[-0.19, -0.06, -0.5, -12.625, -6.6875, 61.0]"
1630056906250310653,,[],0,"[0.15, -0.05, -0.25, -12.5, -7.3125, 60.1875]"
1630056906300181062,,[],0,"[-0.13, -0.21, -0.28, -12.4375, -7.6875, 59.5625]"
1630056906354386625,,[],0,"[0.18, 0.07, -0.26, -12.125, -7.8125, 59.0]"
1630056906419760164,,[],0,"[-0.24, 0.06, -0.11, -11.6875, -7.5625, 58.8125]"
1630056906475964792,,[],0,"[-0.06, 0.11, 0.08, -11.3125, -7.5, 58.8125]"
1630056906584883051,,[],0,"[-0.39, 0.02, -0.14, -11.1875, -7.375, 58.9375]"
1630056906662482094,,[],0,"[-0.15, 0.3, -0.12, -10.875, -7.0625, 58.875]"
1630056906662517086,,[],0,"[-0.27, -0.02, -0.07, -10.4375, -6.8125, 59.0625]"
1630056906712394332,,[],0,"[-0.02, -0.24, 0.11, -10.5625, -6.9375, 59.0625]"
1630056906761638323,,[],0,"[-0.22, -0.01, -0.24, -10.625, -7.125, 59.125]"
1630056906780934892,,[],0,"[-0.08, -0.23, 0.14, -10.5, -6.8125, 59.375]"
1630056906823099799,,[],0,"[-0.04, 0.0, -0.28, -10.625, -6.6875, 59.625]"
1630056906870448905,,[],0,"[-0.18, 0.03, -0.35000000000000003, -10.4375, -6.25, 59.75]"
1630056906909378775,,[],0,"[0.11, -0.11, 0.0, -10.1875, -5.75, 59.6875]"
1630056906960598829,,[],0,"[0.02, -0.35000000000000003, -0.11, -10.3125, -5.75, 59.875]"
1630056907008888057,,[],0,"[0.0, -0.12, -0.06, -10.375, -5.8125, 60.0625]"
1630056907051451412,,[],0,"[0.0, -0.02, -0.16, -10.3125, -5.6875, 60.25]"
1630056907103407919,,[],0,"[0.08, 0.0, -0.09, -10.3125, -5.4375, 60.375]"
1630056907153926425,,[],0,"[-0.18, -0.19, -0.08, -10.125, -5.25, 60.375]"
1630056907203176367,,[],0,"[0.02, -0.34, 0.01, -9.9375, -4.875, 60.25]"
1630056907253012049,,[],0,"[0.13, -0.18, -0.18, -9.9375, -4.6875, 60.375]"
1630056907302379389,,[],0,"[0.03, 0.0, -0.21, -9.9375, -4.8125, 60.1875]"
1630056907355186263,,[],0,"[0.07, -0.09, -0.22, -9.75, -4.75, 60.1875]"
1630056907407281054,,[],0,"[0.04, -0.1, 0.1, -9.5625, -4.75, 60.3125]"
1630056907457616954,,[],0,"[0.03, -0.14, -0.16, -9.625, -5.0, 60.5]"
1630056907508291870,,[],0,"[-0.06, -0.01, -0.15, -9.5625, -4.75, 60.5625]"
1630056907558177468,,[],0,"[0.11, -0.11, -0.08, -9.5625, -4.5, 60.75]"
1630056907612970506,,[],0,"[0.07, -0.04, -0.08, -9.5625, -4.5625, 60.75]"
1630056907657820075,,[],0,"[-0.07, -0.05, -0.27, -9.625, -4.6875, 60.8125]"
1630056907710186907,,[],0,"[0.01, -0.09, 0.06, -9.4375, -4.625, 61.0]"
1630056907758279065,,[],0,"[-0.11, -0.14, 0.0, -9.4375, -4.6875, 61.0625]"
1630056907809407621,,[],0,"[-0.12, 0.07, -0.19, -9.5625, -4.75, 61.0625]"
1630056907859378866,,[],0,"[-0.07, -0.14, -0.06, -9.5625, -4.6875, 61.125]"
1630056907914867498,,[],0,"[0.0, 0.04, -0.32, -9.625, -4.6875, 61.125]"
1630056907963111595,,[],0,"[0.11, -0.04, -0.29, -9.5625, -4.4375, 61.125]"
1630056908018016079,,[],0,"[0.12, -0.07, -0.1, -9.5625, -4.3125, 61.125]"
1630056908063654531,,[],0,"[0.08, -0.13, -0.14, -9.5625, -4.4375, 61.1875]"
1630056908113314050,,[],0,"[-0.04, -0.04, -0.09, -9.5625, -4.5625, 61.375]"
1630056908168951793,,[],0,"[-0.08, -0.06, -0.15, -9.5, -4.5, 61.5625]"
1630056908222152784,,[],0,"[-0.18, -0.18, -0.19, -9.375, -4.3125, 61.75]"
1630056908270722843,,[],0,"[0.0, -0.13, -0.04, -9.375, -4.3125, 61.75]"
1630056908321363221,,[],0,"[0.03, 0.12, -0.2, -9.4375, -4.3125, 61.6875]"
1630056908371279247,,[],0,"[0.05, -0.15, 0.02, -9.375, -4.25, 61.6875]"
1630056908421243274,,[],0,"[0.06, 0.01, -0.02, -9.4375, -4.375, 61.75]"
1630056908470666834,,[],0,"[-0.12, -0.08, -0.17, -9.5, -4.5, 61.75]"
1630056908522307165,,[],0,"[-0.02, 0.0, -0.29, -9.5, -4.3125, 61.8125]"
1630056908571442115,,[],0,"[-0.01, -0.17, -0.05, -9.4375, -4.25, 61.875]"
1630056908622603872,,[],0,"[0.08, -0.03, -0.19, -9.5625, -4.5, 61.8125]"
1630056908673881667,,[],0,"[0.03, -0.1, -0.1, -9.625, -4.625, 61.8125]"
1630056908722810129,,[],0,"[0.05, -0.12, -0.1, -9.6875, -4.75, 61.8125]"
1630056908774840896,,[],0,"[-0.04, -0.06, -0.14, -9.75, -4.8125, 61.875]"
1630056908825323388,,[],0,"[0.05, 0.05, -0.1, -9.75, -4.625, 61.9375]"
1630056908873447492,,[],0,"[0.02, 0.03, -0.27, -9.8125, -4.6875, 61.875]"
1630056908926725551,,[],0,"[0.04, 0.06, -0.24, -9.6875, -4.6875, 61.9375]"
1630056908974443171,,[],0,"[-0.1, -0.26, -0.15, -9.5625, -4.8125, 62.0625]"
1630056909029156635,,[],0,"[-0.06, 0.01, -0.14, -9.5625, -4.875, 62.0625]"
1630056909078450892,,[],0,"[-0.1, -0.17, -0.04, -9.5625, -4.9375, 62.1875]"
1630056909131636923,,[],0,"[-0.16, -0.08, -0.08, -9.5, -4.8125, 62.125]"
1630056909175720032,,[],0,"[-0.04, -0.01, -0.02, -9.4375, -4.6875, 62.0625]"
1630056909225045850,,[],0,"[-0.07, -0.06, -0.23, -9.5, -4.75, 61.9375]"
1630056909272633479,,[],0,"[0.0, -0.08, -0.09, -9.4375, -4.875, 61.75]"
1630056909325212211,,[],0,"[0.1, -0.11, -0.13, -9.4375, -4.9375, 61.5]"
1630056909375489093,,[],0,"[0.0, -0.21, -0.06, -9.4375, -4.6875, 61.3125]"
1630056909424877841,,[],0,"[0.19, 0.05, -0.21, -9.5625, -4.375, 61.1875]"
1630056909474174837,,[],0,"[0.18, 0.22, -0.21, -9.625, -4.0625, 61.1875]"
1630056909526502806,,[],0,"[0.11, 0.17, -0.1, -9.6875, -3.9375, 61.0625]"
1630056909573065363,,[],0,"[0.09, 0.06, -0.26, -9.6875, -4.0, 61.0625]"
1630056909626301131,,[],0,"[-0.21, -0.08, -0.07, -9.5, -4.125, 61.0625]"
1630056909676016929,,[],0,"[0.05, -0.26, 0.15, -9.125, -4.375, 60.9375]"
1630056909725004523,,[],0,"[-0.1, -0.09, 0.22, -9.0, -4.75, 61.1875]"
1630056909773963070,,[],0,"[0.01, 0.09, -0.23, -8.9375, -4.875, 61.3125]"
1630056909826430204,,[],0,"[-0.11, 0.01, -0.1, -8.875, -4.75, 61.625]"
1630056909879363538,,[],0,"[0.06, 0.01, -0.18, -8.9375, -4.75, 61.6875]"
1630056909929030085,,[],0,"[-0.02, -0.15, -0.23, -8.9375, -4.75, 61.6875]"
1630056909977488886,,[],0,"[-0.04, -0.14, -0.04, -8.875, -4.5, 61.6875]"
1630056910026934394,,[],0,"[0.02, -0.25, -0.03, -8.75, -4.4375, 61.8125]"
1630056910077524094,,[],0,"[0.0, 0.05, -0.29, -8.875, -4.5, 61.8125]"
1630056910126169070,,[],0,"[0.02, 0.19, -0.26, -8.875, -4.625, 61.875]"
1630056910175951377,,[],0,"[0.08, 0.0, -0.06, -8.8125, -4.75, 61.8125]"
1630056910225241015,,[],0,"[-0.08, -0.31, 0.04, -8.75, -5.0, 61.875]"
1630056910275219932,,[],0,"[-0.28, -0.15, -0.19, -8.6875, -5.0625, 62.0]"
1630056910324833145,,[],0,"[-0.08, 0.09, -0.01, -8.625, -4.875, 62.125]"
1630056910375011517,,[],0,"[-0.19, -0.04, -0.18, -8.6875, -5.0, 62.0625]"
1630056910424800076,,[],0,"[-0.06, -0.11, -0.06, -8.6875, -4.9375, 61.9375]"
1630056910474890238,,[],0,"[-0.02, -0.15, -0.05, -8.625, -4.875, 62.0]"
1630056910526143851,,[],0,"[-0.16, -0.11, -0.06, -8.625, -4.75, 61.875]"
1630056910578078886,,[],0,"[0.0, 0.12, -0.13, -8.6875, -4.625, 61.875]"
1630056910627344965,,[],0,"[-0.02, -0.03, -0.08, -8.6875, -4.625, 61.8125]"
1630056910680390048,,[],0,"[0.0, 0.02, -0.13, -8.75, -4.625, 61.6875]"
1630056910730512975,,[],0,"[0.03, 0.0, -0.1, -8.75, -4.625, 61.5625]"
1630056910785005057,,[],0,"[0.02, 0.05, -0.18, -8.75, -4.6875, 61.5625]"
1630056910830654567,,[],0,"[0.01, -0.13, -0.08, -8.75, -4.6875, 61.5625]"
1630056910885280846,,[],0,"[0.04, -0.09, -0.09, -8.75, -4.8125, 61.5625]"
1630056910930554303,,[],0,"[0.02, -0.09, -0.1, -8.6875, -4.875, 61.5625]"
1630056910980994766,,[],0,"[0.02, 0.07, -0.26, -8.6875, -4.8125, 61.6875]"
1630056911030751785,,[],0,"[0.04, -0.01, -0.27, -8.6875, -4.875, 61.8125]"
1630056911080930585,,[],0,"[-0.09, -0.12, -0.27, -8.5625, -4.9375, 61.875]"
1630056911131215411,,[],0,"[-0.04, -0.1, -0.04, -8.5625, -5.0, 62.0]"
1630056911180546114,,[],0,"[-0.2, -0.03, 0.0, -8.5625, -5.0, 62.0625]"
1630056911231037858,,[],0,"[-0.08, 0.0, -0.08, -8.5, -5.0625, 62.125]"
1630056911283427016,,[],0,"[-0.07, 0.15, -0.13, -8.5625, -5.0625, 62.0625]"
1630056911333779783,,[],0,"[0.0, -0.03, -0.16, -8.5, -5.0, 62.0625]"
1630056911384500037,,[],0,"[-0.04, -0.04, -0.12, -8.5625, -5.125, 62.0]"
1630056911433329680,,[],0,"[0.02, 0.05, -0.29, -8.5625, -5.125, 62.0625]"
1630056911486893737,,[],0,"[-0.17, -0.25, 0.2, -8.5, -5.1875, 62.1875]"
1630056911536201392,,[],0,"[-0.12, -0.01, -0.06, -8.625, -5.25, 62.3125]"
1630056911585805347,,[],0,"[-0.09, 0.06, -0.1, -8.625, -5.25, 62.375]"
1630056911697015184,,[],0,"[-0.1, -0.03, -0.33, -8.6875, -5.125, 62.375]"
1630056911726128789,,[],0,"[0.06, 0.0, -0.25, -8.75, -5.0, 62.3125]"
1630056911784786028,,[],0,"[-0.02, -0.08, -0.23, -8.6875, -4.875, 62.375]"
1630056911821109892,,[],0,"[0.06, -0.01, -0.1, -8.6875, -4.75, 62.3125]"
1630056911845009825,,[],0,"[0.1, -0.11, 0.03, -8.625, -4.75, 62.375]"
